full_id,fa_type,id,rep,GC_run,species,FA,area,info
P_EM1_a,PLFA,EM1,a,A,Lactarius subdulcis,C19:0,6289470543,* quant via TIC
P_EM1_a,PLFA,EM1,a,A,Lactarius subdulcis,C14:0,136302100,* C19:0 = internal standard
P_EM1_a,PLFA,EM1,a,A,Lactarius subdulcis,C15:0,793639314,
P_EM1_a,PLFA,EM1,a,A,Lactarius subdulcis,C15:0a,54599812,
P_EM1_a,PLFA,EM1,a,A,Lactarius subdulcis,C15:1w5,96426571,
P_EM1_a,PLFA,EM1,a,A,Lactarius subdulcis,C16:0,503111011,
P_EM1_a,PLFA,EM1,a,A,Lactarius subdulcis,C16:0i,14775922,
P_EM1_a,PLFA,EM1,a,A,Lactarius subdulcis,C16:1w7,1264227668,
P_EM1_a,PLFA,EM1,a,A,Lactarius subdulcis,C16:1w9,32115543,
P_EM1_a,PLFA,EM1,a,A,Lactarius subdulcis,"C16:2w3,6",603578482,
P_EM1_a,PLFA,EM1,a,A,Lactarius subdulcis,"C16:2w4,7",603578482,
P_EM1_a,PLFA,EM1,a,A,Lactarius subdulcis,"C16:2w6,9",227728063,
P_EM1_a,PLFA,EM1,a,A,Lactarius subdulcis,C17:0,14668140,
P_EM1_a,PLFA,EM1,a,A,Lactarius subdulcis,C17:1w8,71687947,
P_EM1_a,PLFA,EM1,a,A,Lactarius subdulcis,C18:0,1665340443,
P_EM1_a,PLFA,EM1,a,A,Lactarius subdulcis,C18:1w9cis,2750416576,
P_EM1_a,PLFA,EM1,a,A,Lactarius subdulcis,"C18:2w6,9",27875638253,
P_EM1_b,PLFA,EM1,b,A,Lactarius subdulcis,C19:0,5040393787,
P_EM1_b,PLFA,EM1,b,A,Lactarius subdulcis,C14:0,71294127,
P_EM1_b,PLFA,EM1,b,A,Lactarius subdulcis,C15:0,415032427,
P_EM1_b,PLFA,EM1,b,A,Lactarius subdulcis,C15:0a,64203898,
P_EM1_b,PLFA,EM1,b,A,Lactarius subdulcis,C15:0i,9795346,
P_EM1_b,PLFA,EM1,b,A,Lactarius subdulcis,C15:1w5,37288422,
P_EM1_b,PLFA,EM1,b,A,Lactarius subdulcis,C16:0,369593052,
P_EM1_b,PLFA,EM1,b,A,Lactarius subdulcis,C16:0i,22252328,
P_EM1_b,PLFA,EM1,b,A,Lactarius subdulcis,C16:1w7,475324278,
P_EM1_b,PLFA,EM1,b,A,Lactarius subdulcis,C16:1w9,20498667,
P_EM1_b,PLFA,EM1,b,A,Lactarius subdulcis,"C16:2w3,6",230744271,
P_EM1_b,PLFA,EM1,b,A,Lactarius subdulcis,"C16:2w4,7",230744271,
P_EM1_b,PLFA,EM1,b,A,Lactarius subdulcis,"C16:2w6,9",102792031,
P_EM1_b,PLFA,EM1,b,A,Lactarius subdulcis,C17:0a,47434904,
P_EM1_b,PLFA,EM1,b,A,Lactarius subdulcis,C17:1w8,26881960,
P_EM1_b,PLFA,EM1,b,A,Lactarius subdulcis,C18:0,1631726546,
P_EM1_b,PLFA,EM1,b,A,Lactarius subdulcis,C18:1w9cis,1204073226,
P_EM1_b,PLFA,EM1,b,A,Lactarius subdulcis,"C18:2w6,9",12842909245,
P_EM1_c,PLFA,EM1,c,A,Lactarius subdulcis,C19:0,4443312347,
P_EM1_c,PLFA,EM1,c,A,Lactarius subdulcis,C14:0,86861658,
P_EM1_c,PLFA,EM1,c,A,Lactarius subdulcis,C15:0,526194941,
P_EM1_c,PLFA,EM1,c,A,Lactarius subdulcis,C15:0a,60896524,
P_EM1_c,PLFA,EM1,c,A,Lactarius subdulcis,C15:1w5,100557146,
P_EM1_c,PLFA,EM1,c,A,Lactarius subdulcis,C16:0,383034192,
P_EM1_c,PLFA,EM1,c,A,Lactarius subdulcis,C16:0i,18476517,
P_EM1_c,PLFA,EM1,c,A,Lactarius subdulcis,C16:1w7,768617751,
P_EM1_c,PLFA,EM1,c,A,Lactarius subdulcis,C16:1w9,26812505,
P_EM1_c,PLFA,EM1,c,A,Lactarius subdulcis,"C16:2w3,6",367173591,
P_EM1_c,PLFA,EM1,c,A,Lactarius subdulcis,"C16:2w4,7",367173591,
P_EM1_c,PLFA,EM1,c,A,Lactarius subdulcis,"C16:2w6,9",126836479,
P_EM1_c,PLFA,EM1,c,A,Lactarius subdulcis,C17:0,12870941,
P_EM1_c,PLFA,EM1,c,A,Lactarius subdulcis,C17:1w8,44178403,
P_EM1_c,PLFA,EM1,c,A,Lactarius subdulcis,C18:0,1458008807,
P_EM1_c,PLFA,EM1,c,A,Lactarius subdulcis,C18:1w9cis,1429623772,
P_EM1_c,PLFA,EM1,c,A,Lactarius subdulcis,"C18:2w6,9",17385341314,
P_EM2_a,PLFA,EM2,a,A,Lactarius quietus,C19:0,5401421611,
P_EM2_a,PLFA,EM2,a,A,Lactarius quietus,C14:0,66039729,
P_EM2_a,PLFA,EM2,a,A,Lactarius quietus,C15:0,1409676704,
P_EM2_a,PLFA,EM2,a,A,Lactarius quietus,C16:0,826275986,
P_EM2_a,PLFA,EM2,a,A,Lactarius quietus,C17:0,21046109,
P_EM2_a,PLFA,EM2,a,A,Lactarius quietus,C18:0,1768549883,
P_EM2_a,PLFA,EM2,a,A,Lactarius quietus,C18:1w9cis,1162319878,
P_EM2_a,PLFA,EM2,a,A,Lactarius quietus,"C18:2w6,9",12599416294,
P_EM2_b,PLFA,EM2,b,A,Lactarius quietus,C19:0,5026464240,
P_EM2_b,PLFA,EM2,b,A,Lactarius quietus,C14:0,55344941,
P_EM2_b,PLFA,EM2,b,A,Lactarius quietus,C15:0,1282012241,
P_EM2_b,PLFA,EM2,b,A,Lactarius quietus,C16:0,865914394,
P_EM2_b,PLFA,EM2,b,A,Lactarius quietus,C16:1w7,16196734,
P_EM2_b,PLFA,EM2,b,A,Lactarius quietus,"C16:2w6,9",20202826,
P_EM2_b,PLFA,EM2,b,A,Lactarius quietus,C17:0,18510149,
P_EM2_b,PLFA,EM2,b,A,Lactarius quietus,C18:0,1688787475,
P_EM2_b,PLFA,EM2,b,A,Lactarius quietus,C18:1w9cis,854003264,
P_EM2_b,PLFA,EM2,b,A,Lactarius quietus,"C18:2w6,9",12146167581,
P_EM2_c,PLFA,EM2,c,A,Lactarius quietus,C19:0,5338178973,
P_EM2_c,PLFA,EM2,c,A,Lactarius quietus,C14:0,83263630,
P_EM2_c,PLFA,EM2,c,A,Lactarius quietus,C15:0,2585570249,
P_EM2_c,PLFA,EM2,c,A,Lactarius quietus,C16:0,1563024701,
P_EM2_c,PLFA,EM2,c,A,Lactarius quietus,C16:1w7,25655825,
P_EM2_c,PLFA,EM2,c,A,Lactarius quietus,"C16:2w6,9",25019476,
P_EM2_c,PLFA,EM2,c,A,Lactarius quietus,C17:0,26345909,
P_EM2_c,PLFA,EM2,c,A,Lactarius quietus,C17:1w8,27235636,
P_EM2_c,PLFA,EM2,c,A,Lactarius quietus,C18:0,2156221696,
P_EM2_c,PLFA,EM2,c,A,Lactarius quietus,C18:1w9cis,1723001097,
P_EM2_c,PLFA,EM2,c,A,Lactarius quietus,"C18:2w6,9",21893454830,
P_P1_a,PLFA,P1,a,A,Solirubrobacter soli,C19:0,5110950275,
P_P1_a,PLFA,P1,a,A,Solirubrobacter soli,C15:0,42526728,
P_P1_a,PLFA,P1,a,A,Solirubrobacter soli,C16:0,310001052,
P_P1_a,PLFA,P1,a,A,Solirubrobacter soli,C16:0i,912405376,
P_P1_a,PLFA,P1,a,A,Solirubrobacter soli,C16:1w6i,30593296,
P_P1_a,PLFA,P1,a,A,Solirubrobacter soli,C16:1w7,30121704,
P_P1_a,PLFA,P1,a,A,Solirubrobacter soli,C16:1w9,54524377,
P_P1_a,PLFA,P1,a,A,Solirubrobacter soli,C17:0,42828907,
P_P1_a,PLFA,P1,a,A,Solirubrobacter soli,C17:0i,14483186,
P_P1_a,PLFA,P1,a,A,Solirubrobacter soli,C17:1w8,62475616,
P_P1_a,PLFA,P1,a,A,Solirubrobacter soli,C18:0,1554840671,
P_P1_a,PLFA,P1,a,A,Solirubrobacter soli,C18:0i,35726191,
P_P1_a,PLFA,P1,a,A,Solirubrobacter soli,C18:1w9cis,1197270719,
P_P2_a:2,PLFA,P2,a,A,Streptosporangium roseum,C19:0,5313781793,
P_P2_a:2,PLFA,P2,a,A,Streptosporangium roseum,10Me17:0,39098610856,
P_P2_a:2,PLFA,P2,a,A,Streptosporangium roseum,10Me18:0,15900067907,
P_P2_a:2,PLFA,P2,a,A,Streptosporangium roseum,C14:0,724541627,
P_P2_a:2,PLFA,P2,a,A,Streptosporangium roseum,C14:0i,8749668824,
P_P2_a:2,PLFA,P2,a,A,Streptosporangium roseum,C15:0,4229362694,
P_P2_a:2,PLFA,P2,a,A,Streptosporangium roseum,C15:0a,227121341,
P_P2_a:2,PLFA,P2,a,A,Streptosporangium roseum,C15:0i,548693470,
P_P2_a:2,PLFA,P2,a,A,Streptosporangium roseum,C15:1w5,46024168,
P_P2_a:2,PLFA,P2,a,A,Streptosporangium roseum,C16:0,17210669909,
P_P2_a:2,PLFA,P2,a,A,Streptosporangium roseum,C16:0_Me,6442604913,
P_P2_a:2,PLFA,P2,a,A,Streptosporangium roseum,C16:0i,63448712156,
P_P2_a:2,PLFA,P2,a,A,Streptosporangium roseum,C16:1w6i,645003900,
P_P2_a:2,PLFA,P2,a,A,Streptosporangium roseum,C16:1w7,1460247848,
P_P2_a:2,PLFA,P2,a,A,Streptosporangium roseum,C16:1w9,249243227,
P_P2_a:2,PLFA,P2,a,A,Streptosporangium roseum,C17:0,16097641802,
P_P2_a:2,PLFA,P2,a,A,Streptosporangium roseum,C17:0_Me,6538441141,
P_P2_a:2,PLFA,P2,a,A,Streptosporangium roseum,C17:0cy,681215595,
P_P2_a:2,PLFA,P2,a,A,Streptosporangium roseum,C17:0i,280872546,
P_P2_a:2,PLFA,P2,a,A,Streptosporangium roseum,C17:1w8,5689958256,
P_P2_a:2,PLFA,P2,a,A,Streptosporangium roseum,C18:0,15532112567,
P_P2_a:2,PLFA,P2,a,A,Streptosporangium roseum,C18:0i,2820513802,
P_P2_a:2,PLFA,P2,a,A,Streptosporangium roseum,C18:1w5,13686388,
P_P2_a:2,PLFA,P2,a,A,Streptosporangium roseum,C18:1w7,270823867,
P_P2_a:2,PLFA,P2,a,A,Streptosporangium roseum,C18:1w9cis,2771893402,
P_P2_a:2,PLFA,P2,a,A,Streptosporangium roseum,C18:1w9trans,855374298,
P_P2_b,PLFA,P2,b,A,Streptosporangium roseum,C19:0,5432163255,
P_P2_b,PLFA,P2,b,A,Streptosporangium roseum,10Me17:0,37457318693,
P_P2_b,PLFA,P2,b,A,Streptosporangium roseum,10Me18:0,14720333028,
P_P2_b,PLFA,P2,b,A,Streptosporangium roseum,C14:0,816244487,
P_P2_b,PLFA,P2,b,A,Streptosporangium roseum,C14:0i,9020283136,
P_P2_b,PLFA,P2,b,A,Streptosporangium roseum,C15:0,4236233672,
P_P2_b,PLFA,P2,b,A,Streptosporangium roseum,C15:0a,267997763,
P_P2_b,PLFA,P2,b,A,Streptosporangium roseum,C15:0i,588691230,
P_P2_b,PLFA,P2,b,A,Streptosporangium roseum,C15:1w5,51617424,
P_P2_b,PLFA,P2,b,A,Streptosporangium roseum,C16:0,16997418321,
P_P2_b,PLFA,P2,b,A,Streptosporangium roseum,C16:0_Me,5918108882,
P_P2_b,PLFA,P2,b,A,Streptosporangium roseum,C16:0i,57239184608,
P_P2_b,PLFA,P2,b,A,Streptosporangium roseum,C16:1w6i,656951882,
P_P2_b,PLFA,P2,b,A,Streptosporangium roseum,C16:1w7,1527169675,
P_P2_b,PLFA,P2,b,A,Streptosporangium roseum,C16:1w9,279213704,
P_P2_b,PLFA,P2,b,A,Streptosporangium roseum,C17:0,15198213539,
P_P2_b,PLFA,P2,b,A,Streptosporangium roseum,C17:0_Me,6216478760,
P_P2_b,PLFA,P2,b,A,Streptosporangium roseum,C17:0cy,696637594,
P_P2_b,PLFA,P2,b,A,Streptosporangium roseum,C17:0i,265314214,
P_P2_b,PLFA,P2,b,A,Streptosporangium roseum,C17:1w8,5372268096,
P_P2_b,PLFA,P2,b,A,Streptosporangium roseum,C18:0,13739306446,
P_P2_b,PLFA,P2,b,A,Streptosporangium roseum,C18:0i,2402908361,
P_P2_b,PLFA,P2,b,A,Streptosporangium roseum,C18:1w5,16676023,
P_P2_b,PLFA,P2,b,A,Streptosporangium roseum,C18:1w7,244302735,
P_P2_b,PLFA,P2,b,A,Streptosporangium roseum,C18:1w9cis,2696089556,
P_P2_b,PLFA,P2,b,A,Streptosporangium roseum,C18:1w9trans,820118105,
P_P2_b,PLFA,P2,b,A,Streptosporangium roseum,C19:0cy(w9),60455688,
P_P3_a:2,PLFA,P3,a,A,Paenibacillus alginolyticus,C19:0,1487735205,
P_P3_a:2,PLFA,P3,a,A,Paenibacillus alginolyticus,C14:0,364012679,
P_P3_a:2,PLFA,P3,a,A,Paenibacillus alginolyticus,C14:0i,7599408160,
P_P3_a:2,PLFA,P3,a,A,Paenibacillus alginolyticus,C15:0,749394943,
P_P3_a:2,PLFA,P3,a,A,Paenibacillus alginolyticus,C15:0a,78164896010,
P_P3_a:2,PLFA,P3,a,A,Paenibacillus alginolyticus,C15:0i,10550281542,
P_P3_a:2,PLFA,P3,a,A,Paenibacillus alginolyticus,C16:0,322013347,
P_P3_a:2,PLFA,P3,a,A,Paenibacillus alginolyticus,C16:0i,9370630976,
P_P3_a:2,PLFA,P3,a,A,Paenibacillus alginolyticus,C16:1w7,31750042,
P_P3_a:2,PLFA,P3,a,A,Paenibacillus alginolyticus,C17:0a,1820207420,
P_P3_a:2,PLFA,P3,a,A,Paenibacillus alginolyticus,C17:0i,42444605,
P_P3_a:2,PLFA,P3,a,A,Paenibacillus alginolyticus,C18:0,502189968,
P_P3_b,PLFA,P3,b,A,Paenibacillus alginolyticus,C19:0,898593912,
P_P3_b,PLFA,P3,b,A,Paenibacillus alginolyticus,C14:0,188295042,
P_P3_b,PLFA,P3,b,A,Paenibacillus alginolyticus,C14:0i,3681041145,
P_P3_b,PLFA,P3,b,A,Paenibacillus alginolyticus,C15:0,373825413,
P_P3_b,PLFA,P3,b,A,Paenibacillus alginolyticus,C15:0a,51776652700,
P_P3_b,PLFA,P3,b,A,Paenibacillus alginolyticus,C15:0i,4995178172,
P_P3_b,PLFA,P3,b,A,Paenibacillus alginolyticus,C16:0,175604418,
P_P3_b,PLFA,P3,b,A,Paenibacillus alginolyticus,C16:0i,4192212106,
P_P3_b,PLFA,P3,b,A,Paenibacillus alginolyticus,C16:1w7,17562763,
P_P3_b,PLFA,P3,b,A,Paenibacillus alginolyticus,C17:0a,778402763,
P_P3_b,PLFA,P3,b,A,Paenibacillus alginolyticus,C17:0i,21746252,
P_P3_b,PLFA,P3,b,A,Paenibacillus alginolyticus,C18:0,340208123,
P_P3_c,PLFA,P3,c,A,Paenibacillus alginolyticus,C19:0,1297127747,
P_P3_c,PLFA,P3,c,A,Paenibacillus alginolyticus,C14:0,294047273,
P_P3_c,PLFA,P3,c,A,Paenibacillus alginolyticus,C14:0i,6193265709,
P_P3_c,PLFA,P3,c,A,Paenibacillus alginolyticus,C15:0,606703731,
P_P3_c,PLFA,P3,c,A,Paenibacillus alginolyticus,C15:0a,68851682410,
P_P3_c,PLFA,P3,c,A,Paenibacillus alginolyticus,C15:0i,8299623948,
P_P3_c,PLFA,P3,c,A,Paenibacillus alginolyticus,C16:0,265238234,
P_P3_c,PLFA,P3,c,A,Paenibacillus alginolyticus,C16:0i,7472624835,
P_P3_c,PLFA,P3,c,A,Paenibacillus alginolyticus,C16:1w7,22237977,
P_P3_c,PLFA,P3,c,A,Paenibacillus alginolyticus,C17:0a,1362461030,
P_P3_c,PLFA,P3,c,A,Paenibacillus alginolyticus,C17:0i,35692516,
P_P3_c,PLFA,P3,c,A,Paenibacillus alginolyticus,C18:0,471802241,
P_P4_a1,PLFA,P4,a,A,Labilithrix luteola,C19:0,6289804595,
P_P4_a1,PLFA,P4,a,A,Labilithrix luteola,C14:0,196342264,
P_P4_a1,PLFA,P4,a,A,Labilithrix luteola,C15:0,74288526,
P_P4_a1,PLFA,P4,a,A,Labilithrix luteola,C16:0,7800797191,
P_P4_a1,PLFA,P4,a,A,Labilithrix luteola,C16:1w7,1869031827,
P_P4_a1,PLFA,P4,a,A,Labilithrix luteola,C17:0cy,5814954267,
P_P4_a1,PLFA,P4,a,A,Labilithrix luteola,C17:1w8,41751552,
P_P4_a1,PLFA,P4,a,A,Labilithrix luteola,C18:0,2807567912,
P_P4_a1,PLFA,P4,a,A,Labilithrix luteola,C18:1w9cis,37212475,
P_P4_a1,PLFA,P4,a,A,Labilithrix luteola,C18:1w9trans,27975763772,
P_P4_a1,PLFA,P4,a,A,Labilithrix luteola,C19:1w9,6194896188,
P_P4_b1,PLFA,P4,b,A,Labilithrix luteola,C19:0,5340690344,
P_P4_b1,PLFA,P4,b,A,Labilithrix luteola,C14:0,60715918,
P_P4_b1,PLFA,P4,b,A,Labilithrix luteola,C15:0,23605969,
P_P4_b1,PLFA,P4,b,A,Labilithrix luteola,C16:0,1931882975,
P_P4_b1,PLFA,P4,b,A,Labilithrix luteola,C16:1w7,541940343,
P_P4_b1,PLFA,P4,b,A,Labilithrix luteola,C17:0,24021967,
P_P4_b1,PLFA,P4,b,A,Labilithrix luteola,C17:0cy,1295628257,
P_P4_b1,PLFA,P4,b,A,Labilithrix luteola,C18:0,2099711159,
P_P4_b1,PLFA,P4,b,A,Labilithrix luteola,C18:1w9cis,22723364,
P_P4_b1,PLFA,P4,b,A,Labilithrix luteola,C18:1w9trans,7594511436,
P_P4_b1,PLFA,P4,b,A,Labilithrix luteola,C19:1w9,1507527166,
P_P4_c,PLFA,P4,c,A,Labilithrix luteola,C19:0,4935233268,
P_P4_c,PLFA,P4,c,A,Labilithrix luteola,C14:0,157851825,
P_P4_c,PLFA,P4,c,A,Labilithrix luteola,C15:0,49835723,
P_P4_c,PLFA,P4,c,A,Labilithrix luteola,C16:0,5631366092,
P_P4_c,PLFA,P4,c,A,Labilithrix luteola,C16:1w7,1470991718,
P_P4_c,PLFA,P4,c,A,Labilithrix luteola,C17:0,42279717,
P_P4_c,PLFA,P4,c,A,Labilithrix luteola,C17:0cy,3848683175,
P_P4_c,PLFA,P4,c,A,Labilithrix luteola,C17:1w8,28340374,
P_P4_c,PLFA,P4,c,A,Labilithrix luteola,C18:0,1399858801,
P_P4_c,PLFA,P4,c,A,Labilithrix luteola,C18:1w7,65730591,
P_P4_c,PLFA,P4,c,A,Labilithrix luteola,C18:1w9cis,30896459,
P_P4_c,PLFA,P4,c,A,Labilithrix luteola,C18:1w9trans,21773805255,
P_P4_c,PLFA,P4,c,A,Labilithrix luteola,C19:1w9,3537071243,
P_P5_a:2,PLFA,P5,a,A,Chelativorans multitrophicus,C19:0,1618797370,
P_P5_a:2,PLFA,P5,a,A,Chelativorans multitrophicus,C14:0,20944647,
P_P5_a:2,PLFA,P5,a,A,Chelativorans multitrophicus,C15:0,115844974,
P_P5_a:2,PLFA,P5,a,A,Chelativorans multitrophicus,C15:0i,73438954,
P_P5_a:2,PLFA,P5,a,A,Chelativorans multitrophicus,C16:0,1848397706,
P_P5_a:2,PLFA,P5,a,A,Chelativorans multitrophicus,C16:1w7,95843236,
P_P5_a:2,PLFA,P5,a,A,Chelativorans multitrophicus,C17:0,2959224446,
P_P5_a:2,PLFA,P5,a,A,Chelativorans multitrophicus,C17:0a,45148421,
P_P5_a:2,PLFA,P5,a,A,Chelativorans multitrophicus,C17:0cy,677806363,
P_P5_a:2,PLFA,P5,a,A,Chelativorans multitrophicus,C17:0i,602092010,
P_P5_a:2,PLFA,P5,a,A,Chelativorans multitrophicus,C17:1w8,213216073,
P_P5_a:2,PLFA,P5,a,A,Chelativorans multitrophicus,C18:0,4541812013,
P_P5_a:2,PLFA,P5,a,A,Chelativorans multitrophicus,C18:1w5,317535117,
P_P5_a:2,PLFA,P5,a,A,Chelativorans multitrophicus,C18:1w7,1606167178,
P_P5_a:2,PLFA,P5,a,A,Chelativorans multitrophicus,C18:1w9cis,27297334,
P_P5_a:2,PLFA,P5,a,A,Chelativorans multitrophicus,C18:1w9trans,4713510923,
P_P5_a:2,PLFA,P5,a,A,Chelativorans multitrophicus,C19:1w9,64206776104,
P_P5_b,PLFA,P5,b,A,Chelativorans multitrophicus,C19:0,1613292398,
P_P5_b,PLFA,P5,b,A,Chelativorans multitrophicus,C14:0,15191430,
P_P5_b,PLFA,P5,b,A,Chelativorans multitrophicus,C15:0,129840652,
P_P5_b,PLFA,P5,b,A,Chelativorans multitrophicus,C15:0i,51785395,
P_P5_b,PLFA,P5,b,A,Chelativorans multitrophicus,C16:0,1351073275,
P_P5_b,PLFA,P5,b,A,Chelativorans multitrophicus,C16:1w7,68207163,
P_P5_b,PLFA,P5,b,A,Chelativorans multitrophicus,C17:0,2205547008,
P_P5_b,PLFA,P5,b,A,Chelativorans multitrophicus,C17:0a,37654821,
P_P5_b,PLFA,P5,b,A,Chelativorans multitrophicus,C17:0cy,527115131,
P_P5_b,PLFA,P5,b,A,Chelativorans multitrophicus,C17:0i,461254217,
P_P5_b,PLFA,P5,b,A,Chelativorans multitrophicus,C17:1w8,169492362,
P_P5_b,PLFA,P5,b,A,Chelativorans multitrophicus,C18:0,3506618804,
P_P5_b,PLFA,P5,b,A,Chelativorans multitrophicus,C18:1w5,240113117,
P_P5_b,PLFA,P5,b,A,Chelativorans multitrophicus,C18:1w7,1214765888,
P_P5_b,PLFA,P5,b,A,Chelativorans multitrophicus,C18:1w9cis,23703079,
P_P5_b,PLFA,P5,b,A,Chelativorans multitrophicus,C18:1w9trans,3594307839,
P_P5_b,PLFA,P5,b,A,Chelativorans multitrophicus,C19:1w9,51767928130,
P_P6_a,PLFA,P6,a,A,Periconia macrospinosa,C19:0,5838404313,
P_P6_a,PLFA,P6,a,A,Periconia macrospinosa,C14:0,12073602,
P_P6_a,PLFA,P6,a,A,Periconia macrospinosa,C15:0,244280778,
P_P6_a,PLFA,P6,a,A,Periconia macrospinosa,C15:0a,24887584,
P_P6_a,PLFA,P6,a,A,Periconia macrospinosa,C16:0,3324714058,
P_P6_a,PLFA,P6,a,A,Periconia macrospinosa,C16:1w7,132529791,
P_P6_a,PLFA,P6,a,A,Periconia macrospinosa,C17:0,365170869,
P_P6_a,PLFA,P6,a,A,Periconia macrospinosa,C17:1w8,182079749,
P_P6_a,PLFA,P6,a,A,Periconia macrospinosa,C18:0,2461098459,
P_P6_a,PLFA,P6,a,A,Periconia macrospinosa,C18:1w9cis,6049178678,
P_P6_a,PLFA,P6,a,A,Periconia macrospinosa,C18:1w9trans,990250319,
P_P6_a,PLFA,P6,a,A,Periconia macrospinosa,"C18:2w6,9",15165179236,
P_P6_b,PLFA,P6,b,A,Periconia macrospinosa,C19:0,5657370492,
P_P6_b,PLFA,P6,b,A,Periconia macrospinosa,C14:0,41714636,
P_P6_b,PLFA,P6,b,A,Periconia macrospinosa,C15:0,297201363,
P_P6_b,PLFA,P6,b,A,Periconia macrospinosa,C15:0a,26629699,
P_P6_b,PLFA,P6,b,A,Periconia macrospinosa,C16:0,4815292203,
P_P6_b,PLFA,P6,b,A,Periconia macrospinosa,C16:0i,9721082,
P_P6_b,PLFA,P6,b,A,Periconia macrospinosa,C16:1w7,168007864,
P_P6_b,PLFA,P6,b,A,Periconia macrospinosa,C17:0,468538281,
P_P6_b,PLFA,P6,b,A,Periconia macrospinosa,C17:1w8,206178940,
P_P6_b,PLFA,P6,b,A,Periconia macrospinosa,C18:0,3005750556,
P_P6_b,PLFA,P6,b,A,Periconia macrospinosa,C18:1w9cis,8185211366,
P_P6_b,PLFA,P6,b,A,Periconia macrospinosa,C18:1w9trans,1119069929,
P_P6_b,PLFA,P6,b,A,Periconia macrospinosa,"C18:2w6,9",20919440885,
P_P7_a,PLFA,P7,a,A,Trichoderma virens,C19:0,6732460078,
P_P7_a,PLFA,P7,a,A,Trichoderma virens,C14:0,39489554,
P_P7_a,PLFA,P7,a,A,Trichoderma virens,C15:0,148396046,
P_P7_a,PLFA,P7,a,A,Trichoderma virens,C16:0,13601092359,
P_P7_a,PLFA,P7,a,A,Trichoderma virens,C16:1w7,636266151,
P_P7_a,PLFA,P7,a,A,Trichoderma virens,C17:0,39080959,
P_P7_a,PLFA,P7,a,A,Trichoderma virens,C17:1w8,51811707,
P_P7_a,PLFA,P7,a,A,Trichoderma virens,C18:0,4179076725,
P_P7_a,PLFA,P7,a,A,Trichoderma virens,C18:1w9cis,20920942936,
P_P7_a,PLFA,P7,a,A,Trichoderma virens,"C18:2w6,9",21702414304,
P_P7_b,PLFA,P7,b,A,Trichoderma virens,C19:0,5623562692,
P_P7_b,PLFA,P7,b,A,Trichoderma virens,C14:0,26601111,
P_P7_b,PLFA,P7,b,A,Trichoderma virens,C15:0,88968587,
P_P7_b,PLFA,P7,b,A,Trichoderma virens,C16:0,8114900175,
P_P7_b,PLFA,P7,b,A,Trichoderma virens,C16:1w7,352465068,
P_P7_b,PLFA,P7,b,A,Trichoderma virens,C17:0,30122467,
P_P7_b,PLFA,P7,b,A,Trichoderma virens,C17:1w8,33860409,
P_P7_b,PLFA,P7,b,A,Trichoderma virens,C18:0,2535267782,
P_P7_b,PLFA,P7,b,A,Trichoderma virens,C18:1w9cis,10230779913,
P_P7_b,PLFA,P7,b,A,Trichoderma virens,"C18:2w6,9",13475234530,
P_P7_c,PLFA,P7,c,A,Trichoderma virens,C19:0,5660448894,
P_P7_c,PLFA,P7,c,A,Trichoderma virens,C14:0,23795569,
P_P7_c,PLFA,P7,c,A,Trichoderma virens,C15:0,72090433,
P_P7_c,PLFA,P7,c,A,Trichoderma virens,C16:0,6576719701,
P_P7_c,PLFA,P7,c,A,Trichoderma virens,C16:1w7,298373202,
P_P7_c,PLFA,P7,c,A,Trichoderma virens,C17:0,25513122,
P_P7_c,PLFA,P7,c,A,Trichoderma virens,C17:1w8,31500865,
P_P7_c,PLFA,P7,c,A,Trichoderma virens,C18:0,2822478056,
P_P7_c,PLFA,P7,c,A,Trichoderma virens,C18:1w9cis,8496021561,
P_P7_c,PLFA,P7,c,A,Trichoderma virens,"C18:2w6,9",10689185867,
P_P8_a:2,PLFA,P8,a,A,Armillaria gallica,C19:0,963069469,
P_P8_a:2,PLFA,P8,a,A,Armillaria gallica,C14:0,542659931,
P_P8_a:2,PLFA,P8,a,A,Armillaria gallica,C15:0,502356199,
P_P8_a:2,PLFA,P8,a,A,Armillaria gallica,C16:0,17273782698,
P_P8_a:2,PLFA,P8,a,A,Armillaria gallica,C16:1w5,13325902,
P_P8_a:2,PLFA,P8,a,A,Armillaria gallica,C16:1w7,154061869,
P_P8_a:2,PLFA,P8,a,A,Armillaria gallica,"C16:2w3,6",81393706,
P_P8_a:2,PLFA,P8,a,A,Armillaria gallica,"C16:2w4,7",81393706,
P_P8_a:2,PLFA,P8,a,A,Armillaria gallica,C17:0,60663509,
P_P8_a:2,PLFA,P8,a,A,Armillaria gallica,C17:1w8,25125185,
P_P8_a:2,PLFA,P8,a,A,Armillaria gallica,C18:0,1198142588,
P_P8_a:2,PLFA,P8,a,A,Armillaria gallica,C18:1w9cis,4593492162,
P_P8_a:2,PLFA,P8,a,A,Armillaria gallica,C18:1w9trans,133270498,
P_P8_a:2,PLFA,P8,a,A,Armillaria gallica,"C18:2w6,9",42028125005,
P_P8_b,PLFA,P8,b,A,Armillaria gallica,C19:0,899760729,
P_P8_b,PLFA,P8,b,A,Armillaria gallica,C14:0,255917128,
P_P8_b,PLFA,P8,b,A,Armillaria gallica,C15:0,303972675,
P_P8_b,PLFA,P8,b,A,Armillaria gallica,C16:0,10193861591,
P_P8_b,PLFA,P8,b,A,Armillaria gallica,C16:1w5,12521052,
P_P8_b,PLFA,P8,b,A,Armillaria gallica,C16:1w7,105711038,
P_P8_b,PLFA,P8,b,A,Armillaria gallica,"C16:2w3,6",66280256,
P_P8_b,PLFA,P8,b,A,Armillaria gallica,"C16:2w4,7",66280256,
P_P8_b,PLFA,P8,b,A,Armillaria gallica,C17:0,46473734,
P_P8_b,PLFA,P8,b,A,Armillaria gallica,C17:1w8,23227613,
P_P8_b,PLFA,P8,b,A,Armillaria gallica,C18:0,701775644,
P_P8_b,PLFA,P8,b,A,Armillaria gallica,C18:1w9cis,2616982820,
P_P8_b,PLFA,P8,b,A,Armillaria gallica,C18:1w9trans,67831047,
P_P8_b,PLFA,P8,b,A,Armillaria gallica,"C18:2w6,9",28993823475,
P_P8_c,PLFA,P8,c,A,Armillaria gallica,C19:0,879681124,
P_P8_c,PLFA,P8,c,A,Armillaria gallica,C14:0,438792569,
P_P8_c,PLFA,P8,c,A,Armillaria gallica,C15:0,452035554,
P_P8_c,PLFA,P8,c,A,Armillaria gallica,C16:0,14057071713,
P_P8_c,PLFA,P8,c,A,Armillaria gallica,C16:1w5,25902406,
P_P8_c,PLFA,P8,c,A,Armillaria gallica,C16:1w7,127165017,
P_P8_c,PLFA,P8,c,A,Armillaria gallica,"C16:2w3,6",66405217,
P_P8_c,PLFA,P8,c,A,Armillaria gallica,"C16:2w4,7",66405217,
P_P8_c,PLFA,P8,c,A,Armillaria gallica,C17:0,75215798,
P_P8_c,PLFA,P8,c,A,Armillaria gallica,C17:1w8,26880799,
P_P8_c,PLFA,P8,c,A,Armillaria gallica,C18:0,1019955846,
P_P8_c,PLFA,P8,c,A,Armillaria gallica,C18:1w9cis,3735622054,
P_P8_c,PLFA,P8,c,A,Armillaria gallica,C18:1w9trans,104634123,
P_P8_c,PLFA,P8,c,A,Armillaria gallica,"C18:2w6,9",38377696283,
P_P9_a:2,PLFA,P9,a,A,Psilocybe cyanescens,C19:0,3123447711,
P_P9_a:2,PLFA,P9,a,A,Psilocybe cyanescens,10Me17:0,1798850102,
P_P9_a:2,PLFA,P9,a,A,Psilocybe cyanescens,10Me18:0,639298579,
P_P9_a:2,PLFA,P9,a,A,Psilocybe cyanescens,C14:0,240007220,
P_P9_a:2,PLFA,P9,a,A,Psilocybe cyanescens,C14:0i,37378404,
P_P9_a:2,PLFA,P9,a,A,Psilocybe cyanescens,C15:0,1817093295,
P_P9_a:2,PLFA,P9,a,A,Psilocybe cyanescens,C15:0i,658167926,
P_P9_a:2,PLFA,P9,a,A,Psilocybe cyanescens,C15:1w5,31523788,
P_P9_a:2,PLFA,P9,a,A,Psilocybe cyanescens,C16:0,11268359963,
P_P9_a:2,PLFA,P9,a,A,Psilocybe cyanescens,C16:0i,1982198263,
P_P9_a:2,PLFA,P9,a,A,Psilocybe cyanescens,C16:1w5,165516832,
P_P9_a:2,PLFA,P9,a,A,Psilocybe cyanescens,C16:1w6i,42045733,
P_P9_a:2,PLFA,P9,a,A,Psilocybe cyanescens,C16:1w7,147738797,
P_P9_a:2,PLFA,P9,a,A,Psilocybe cyanescens,C17:0,3556112732,
P_P9_a:2,PLFA,P9,a,A,Psilocybe cyanescens,C17:0_Me,259369946,
P_P9_a:2,PLFA,P9,a,A,Psilocybe cyanescens,C17:0a,762523386,
P_P9_a:2,PLFA,P9,a,A,Psilocybe cyanescens,C17:0cy,14654231,
P_P9_a:2,PLFA,P9,a,A,Psilocybe cyanescens,C17:0i,3542664740,
P_P9_a:2,PLFA,P9,a,A,Psilocybe cyanescens,C17:1w8,922376624,
P_P9_a:2,PLFA,P9,a,A,Psilocybe cyanescens,C18:0,3077844062,
P_P9_a:2,PLFA,P9,a,A,Psilocybe cyanescens,C18:0i,39533325,
P_P9_a:2,PLFA,P9,a,A,Psilocybe cyanescens,C18:1w9cis,2590225038,
P_P9_a:2,PLFA,P9,a,A,Psilocybe cyanescens,C18:1w9trans,2196481232,
P_P9_a:2,PLFA,P9,a,A,Psilocybe cyanescens,"C18:2w6,9",33908567084,
P_P9_b,PLFA,P9,b,A,Psilocybe cyanescens,C19:0,3353965297,
P_P9_b,PLFA,P9,b,A,Psilocybe cyanescens,10Me17:0,1931603575,
P_P9_b,PLFA,P9,b,A,Psilocybe cyanescens,10Me18:0,697556519,
P_P9_b,PLFA,P9,b,A,Psilocybe cyanescens,C14:0,229223312,
P_P9_b,PLFA,P9,b,A,Psilocybe cyanescens,C14:0i,37126740,
P_P9_b,PLFA,P9,b,A,Psilocybe cyanescens,C15:0,1753799882,
P_P9_b,PLFA,P9,b,A,Psilocybe cyanescens,C15:0i,676950866,
P_P9_b,PLFA,P9,b,A,Psilocybe cyanescens,C15:1w5,26688959,
P_P9_b,PLFA,P9,b,A,Psilocybe cyanescens,C16:0,9487226386,
P_P9_b,PLFA,P9,b,A,Psilocybe cyanescens,C16:0i,2216486746,
P_P9_b,PLFA,P9,b,A,Psilocybe cyanescens,C16:1w5,116413185,
P_P9_b,PLFA,P9,b,A,Psilocybe cyanescens,C16:1w6i,35401077,
P_P9_b,PLFA,P9,b,A,Psilocybe cyanescens,C16:1w7,117336214,
P_P9_b,PLFA,P9,b,A,Psilocybe cyanescens,C17:0,3947064561,
P_P9_b,PLFA,P9,b,A,Psilocybe cyanescens,C17:0_Me,270821434,
P_P9_b,PLFA,P9,b,A,Psilocybe cyanescens,C17:0a,791126176,
P_P9_b,PLFA,P9,b,A,Psilocybe cyanescens,C17:0cy,17222832,
P_P9_b,PLFA,P9,b,A,Psilocybe cyanescens,C17:0i,3686701281,
P_P9_b,PLFA,P9,b,A,Psilocybe cyanescens,C17:1w8,718868808,
P_P9_b,PLFA,P9,b,A,Psilocybe cyanescens,C18:0,2649452561,
P_P9_b,PLFA,P9,b,A,Psilocybe cyanescens,C18:0i,17610118,
P_P9_b,PLFA,P9,b,A,Psilocybe cyanescens,C18:1w9cis,1914646890,
P_P9_b,PLFA,P9,b,A,Psilocybe cyanescens,C18:1w9trans,1365189604,
P_P9_b,PLFA,P9,b,A,Psilocybe cyanescens,"C18:2w6,9",30284797485,
P_P9_c,PLFA,P9,c,A,Psilocybe cyanescens,C19:0,3697179924,
P_P9_c,PLFA,P9,c,A,Psilocybe cyanescens,10Me17:0,2714304664,
P_P9_c,PLFA,P9,c,A,Psilocybe cyanescens,10Me18:0,933274666,
P_P9_c,PLFA,P9,c,A,Psilocybe cyanescens,C14:0,313110409,
P_P9_c,PLFA,P9,c,A,Psilocybe cyanescens,C14:0i,48166736,
P_P9_c,PLFA,P9,c,A,Psilocybe cyanescens,C15:0,2567646860,
P_P9_c,PLFA,P9,c,A,Psilocybe cyanescens,C15:0a,156263656,
P_P9_c,PLFA,P9,c,A,Psilocybe cyanescens,C15:0i,981931306,
P_P9_c,PLFA,P9,c,A,Psilocybe cyanescens,C15:1w5,45309617,
P_P9_c,PLFA,P9,c,A,Psilocybe cyanescens,C16:0,14032978508,
P_P9_c,PLFA,P9,c,A,Psilocybe cyanescens,C16:0i,2953433255,
P_P9_c,PLFA,P9,c,A,Psilocybe cyanescens,C16:1w5,161298928,
P_P9_c,PLFA,P9,c,A,Psilocybe cyanescens,C16:1w6i,57734009,
P_P9_c,PLFA,P9,c,A,Psilocybe cyanescens,C16:1w7,199101476,
P_P9_c,PLFA,P9,c,A,Psilocybe cyanescens,C17:0,4811946992,
P_P9_c,PLFA,P9,c,A,Psilocybe cyanescens,C17:0_Me,373305907,
P_P9_c,PLFA,P9,c,A,Psilocybe cyanescens,C17:0a,1286808226,
P_P9_c,PLFA,P9,c,A,Psilocybe cyanescens,C17:0cy,20341816,
P_P9_c,PLFA,P9,c,A,Psilocybe cyanescens,C17:0i,4981211697,
P_P9_c,PLFA,P9,c,A,Psilocybe cyanescens,C17:1w8,1384381283,
P_P9_c,PLFA,P9,c,A,Psilocybe cyanescens,C18:0,3338190920,
P_P9_c,PLFA,P9,c,A,Psilocybe cyanescens,C18:0i,65254797,
P_P9_c,PLFA,P9,c,A,Psilocybe cyanescens,C18:1w9cis,3168367110,
P_P9_c,PLFA,P9,c,A,Psilocybe cyanescens,C18:1w9trans,2254665902,
P_P9_c,PLFA,P9,c,A,Psilocybe cyanescens,"C18:2w6,9",41910048547,
N_EM1a,NLFA,EM1,a,A,Lactarius subdulcis,C19:0,21648623621,
N_EM1a,NLFA,EM1,a,A,Lactarius subdulcis,C14:0,2904723172,
N_EM1a,NLFA,EM1,a,A,Lactarius subdulcis,C15:0,4028526676,
N_EM1a,NLFA,EM1,a,A,Lactarius subdulcis,C15:0a,318657740,
N_EM1a,NLFA,EM1,a,A,Lactarius subdulcis,C15:1w5,664924233,
N_EM1a,NLFA,EM1,a,A,Lactarius subdulcis,C16:0,24637034930,
N_EM1a,NLFA,EM1,a,A,Lactarius subdulcis,C16:0i,128361652,
N_EM1a,NLFA,EM1,a,A,Lactarius subdulcis,C16:1w7,8799303494,
N_EM1a,NLFA,EM1,a,A,Lactarius subdulcis,C16:1w9,1824208880,
N_EM1a,NLFA,EM1,a,A,Lactarius subdulcis,"C16:2w4,7",2767329334,
N_EM1a,NLFA,EM1,a,A,Lactarius subdulcis,"C16:2w6,9",4384771675,
N_EM1a,NLFA,EM1,a,A,Lactarius subdulcis,C17:0,498513735,
N_EM1a,NLFA,EM1,a,A,Lactarius subdulcis,C17:0a,684981330,
N_EM1a,NLFA,EM1,a,A,Lactarius subdulcis,C18:0,74805697026,
N_EM1a,NLFA,EM1,a,A,Lactarius subdulcis,C18:1w9cis,21811965471,
N_EM1a,NLFA,EM1,a,A,Lactarius subdulcis,C18:1w9trans,1909126457,
N_EM1a,NLFA,EM1,a,A,Lactarius subdulcis,"C18:2w6,9",38691397299,
N_EM1b,NLFA,EM1,b,A,Lactarius subdulcis,C19:0,20446681642,
N_EM1b,NLFA,EM1,b,A,Lactarius subdulcis,C14:0,2886945467,
N_EM1b,NLFA,EM1,b,A,Lactarius subdulcis,C15:0,3503802049,
N_EM1b,NLFA,EM1,b,A,Lactarius subdulcis,C15:0a,358807463,
N_EM1b,NLFA,EM1,b,A,Lactarius subdulcis,C15:1w5,419146568,
N_EM1b,NLFA,EM1,b,A,Lactarius subdulcis,C16:0,29689071894,
N_EM1b,NLFA,EM1,b,A,Lactarius subdulcis,C16:0i,174772168,
N_EM1b,NLFA,EM1,b,A,Lactarius subdulcis,C16:1w7,6519704233,
N_EM1b,NLFA,EM1,b,A,Lactarius subdulcis,C16:1w9,1579186518,
N_EM1b,NLFA,EM1,b,A,Lactarius subdulcis,"C16:2w4,7",1463094954,
N_EM1b,NLFA,EM1,b,A,Lactarius subdulcis,"C16:2w6,9",2610880639,
N_EM1b,NLFA,EM1,b,A,Lactarius subdulcis,C17:0,460317275,
N_EM1b,NLFA,EM1,b,A,Lactarius subdulcis,C17:0a,723602728,
N_EM1b,NLFA,EM1,b,A,Lactarius subdulcis,C18:0,75458799755,
N_EM1b,NLFA,EM1,b,A,Lactarius subdulcis,C18:1w9cis,29663264300,
N_EM1b,NLFA,EM1,b,A,Lactarius subdulcis,C18:1w9trans,1537829421,
N_EM1b,NLFA,EM1,b,A,Lactarius subdulcis,"C18:2w6,9",26119290494,
N_EM1c,NLFA,EM1,c,A,Lactarius subdulcis,C19:0,21760958561,
N_EM1c,NLFA,EM1,c,A,Lactarius subdulcis,C14:0,6081873423,
N_EM1c,NLFA,EM1,c,A,Lactarius subdulcis,C15:0,8788931882,
N_EM1c,NLFA,EM1,c,A,Lactarius subdulcis,C15:0a,494335087,
N_EM1c,NLFA,EM1,c,A,Lactarius subdulcis,C15:1w5,1084222798,
N_EM1c,NLFA,EM1,c,A,Lactarius subdulcis,C16:0,39858021410,
N_EM1c,NLFA,EM1,c,A,Lactarius subdulcis,C16:0i,319559673,
N_EM1c,NLFA,EM1,c,A,Lactarius subdulcis,C16:1w7,19570195189,
N_EM1c,NLFA,EM1,c,A,Lactarius subdulcis,C16:1w9,4194955628,
N_EM1c,NLFA,EM1,c,A,Lactarius subdulcis,"C16:2w4,7",3622906521,
N_EM1c,NLFA,EM1,c,A,Lactarius subdulcis,"C16:2w6,9",3798259955,
N_EM1c,NLFA,EM1,c,A,Lactarius subdulcis,C17:0,862311989,
N_EM1c,NLFA,EM1,c,A,Lactarius subdulcis,C17:0a,1047975274,
N_EM1c,NLFA,EM1,c,A,Lactarius subdulcis,C17:0i,20097427,
N_EM1c,NLFA,EM1,c,A,Lactarius subdulcis,C18:0,84495170189,
N_EM1c,NLFA,EM1,c,A,Lactarius subdulcis,C18:1w9cis,47901265181,
N_EM1c,NLFA,EM1,c,A,Lactarius subdulcis,C18:1w9trans,3863733623,
N_EM1c,NLFA,EM1,c,A,Lactarius subdulcis,"C18:2w6,9",36281242833,
N_EM2a,NLFA,EM2,a,A,Lactarius quietus,C19:0,20623726863,
N_EM2a,NLFA,EM2,a,A,Lactarius quietus,C14:0,496764379,
N_EM2a,NLFA,EM2,a,A,Lactarius quietus,C15:0,1298049202,
N_EM2a,NLFA,EM2,a,A,Lactarius quietus,C16:0,14089145747,
N_EM2a,NLFA,EM2,a,A,Lactarius quietus,C16:1w7,139061488,
N_EM2a,NLFA,EM2,a,A,Lactarius quietus,C16:1w9,216190486,
N_EM2a,NLFA,EM2,a,A,Lactarius quietus,"C16:2w6,9",382967082,
N_EM2a,NLFA,EM2,a,A,Lactarius quietus,C17:0,489574678,
N_EM2a,NLFA,EM2,a,A,Lactarius quietus,C18:0,67143877783,
N_EM2a,NLFA,EM2,a,A,Lactarius quietus,C18:1w7,315989878,
N_EM2a,NLFA,EM2,a,A,Lactarius quietus,C18:1w9cis,3422213683,
N_EM2a,NLFA,EM2,a,A,Lactarius quietus,C18:1w9trans,347172376,
N_EM2a,NLFA,EM2,a,A,Lactarius quietus,"C18:2w6,9",6335996324,
N_EM2b,NLFA,EM2,b,A,Lactarius quietus,C19:0,20971228153,
N_EM2b,NLFA,EM2,b,A,Lactarius quietus,C14:0,681983860,
N_EM2b,NLFA,EM2,b,A,Lactarius quietus,C15:0,1725281757,
N_EM2b,NLFA,EM2,b,A,Lactarius quietus,C16:0,16733595282,
N_EM2b,NLFA,EM2,b,A,Lactarius quietus,C16:1w7,185198842,
N_EM2b,NLFA,EM2,b,A,Lactarius quietus,C16:1w9,203039511,
N_EM2b,NLFA,EM2,b,A,Lactarius quietus,"C16:2w6,9",723915865,
N_EM2b,NLFA,EM2,b,A,Lactarius quietus,C17:0,370265125,
N_EM2b,NLFA,EM2,b,A,Lactarius quietus,C18:0,75183454171,
N_EM2b,NLFA,EM2,b,A,Lactarius quietus,C18:1w9cis,4162284290,
N_EM2b,NLFA,EM2,b,A,Lactarius quietus,C18:1w9trans,215992681,
N_EM2b,NLFA,EM2,b,A,Lactarius quietus,"C18:2w6,9",11162588350,
N_EM2c,NLFA,EM2,c,A,Lactarius quietus,C19:0,19875028117,
N_EM2c,NLFA,EM2,c,A,Lactarius quietus,C14:0,788859243,
N_EM2c,NLFA,EM2,c,A,Lactarius quietus,C15:0,1950545580,
N_EM2c,NLFA,EM2,c,A,Lactarius quietus,C16:0,15896031666,
N_EM2c,NLFA,EM2,c,A,Lactarius quietus,C16:1w7,255065549,
N_EM2c,NLFA,EM2,c,A,Lactarius quietus,C16:1w9,244892411,
N_EM2c,NLFA,EM2,c,A,Lactarius quietus,"C16:2w6,9",733399214,
N_EM2c,NLFA,EM2,c,A,Lactarius quietus,C17:0,350237522,
N_EM2c,NLFA,EM2,c,A,Lactarius quietus,C18:0,74294206080,
N_EM2c,NLFA,EM2,c,A,Lactarius quietus,C18:1w9cis,4819906732,
N_EM2c,NLFA,EM2,c,A,Lactarius quietus,C18:1w9trans,232786107,
N_EM2c,NLFA,EM2,c,A,Lactarius quietus,"C18:2w6,9",14273827438,
N_P1a,NLFA,P1,a,A,Solirubrobacter soli,C19:0,19526261409,
N_P1a,NLFA,P1,a,A,Solirubrobacter soli,C14:0,914758446,
N_P1a,NLFA,P1,a,A,Solirubrobacter soli,C14:0_3-OH,68722803,
N_P1a,NLFA,P1,a,A,Solirubrobacter soli,C15:0,515169526,
N_P1a,NLFA,P1,a,A,Solirubrobacter soli,C15:0i,604116106,
N_P1a,NLFA,P1,a,A,Solirubrobacter soli,C16:0,11876212799,
N_P1a,NLFA,P1,a,A,Solirubrobacter soli,C16:0i,2751967967,
N_P1a,NLFA,P1,a,A,Solirubrobacter soli,C16:1w6i,75534033,
N_P1a,NLFA,P1,a,A,Solirubrobacter soli,C16:1w7,65360493,
N_P1a,NLFA,P1,a,A,Solirubrobacter soli,C16:1w9,635599248,
N_P1a,NLFA,P1,a,A,Solirubrobacter soli,C17:0,1771638751,
N_P1a,NLFA,P1,a,A,Solirubrobacter soli,C17:0a,383135687,
N_P1a,NLFA,P1,a,A,Solirubrobacter soli,C17:0i,52673521,
N_P1a,NLFA,P1,a,A,Solirubrobacter soli,C17:1w8,506696881,
N_P1a,NLFA,P1,a,A,Solirubrobacter soli,C18:0,60895184144,
N_P1a,NLFA,P1,a,A,Solirubrobacter soli,C18:0i,2067760218,
N_P1a,NLFA,P1,a,A,Solirubrobacter soli,C18:1w7,315524444,
N_P1a,NLFA,P1,a,A,Solirubrobacter soli,C18:1w9cis,3129856826,
N_P1a,NLFA,P1,a,A,Solirubrobacter soli,"C18:2w6,9",190701912,
N_P1a,NLFA,P1,a,A,Solirubrobacter soli,C19:0cy(w9),371186783,
N_P2a:2,NLFA,P2,a,A,Streptosporangium roseum,C19:0,16822481281,
N_P2a:2,NLFA,P2,a,A,Streptosporangium roseum,10Me17:0,76699793256,
N_P2a:2,NLFA,P2,a,A,Streptosporangium roseum,10Me18:0,32614387865,
N_P2a:2,NLFA,P2,a,A,Streptosporangium roseum,C14:0,7618944480,
N_P2a:2,NLFA,P2,a,A,Streptosporangium roseum,C14:0i,42651898325,
N_P2a:2,NLFA,P2,a,A,Streptosporangium roseum,C15:0,14559275810,
N_P2a:2,NLFA,P2,a,A,Streptosporangium roseum,C15:0a,1997752099,
N_P2a:2,NLFA,P2,a,A,Streptosporangium roseum,C15:0i,4921362150,
N_P2a:2,NLFA,P2,a,A,Streptosporangium roseum,C15:1w5,487519265,
N_P2a:2,NLFA,P2,a,A,Streptosporangium roseum,C16:0,37609869932,
N_P2a:2,NLFA,P2,a,A,Streptosporangium roseum,C16:0i,73426172617,
N_P2a:2,NLFA,P2,a,A,Streptosporangium roseum,C16:1w6i,4584241500,
N_P2a:2,NLFA,P2,a,A,Streptosporangium roseum,C16:1w7,7179415965,
N_P2a:2,NLFA,P2,a,A,Streptosporangium roseum,C16:1w9,1556294439,
N_P2a:2,NLFA,P2,a,A,Streptosporangium roseum,C17:0,36987055288,
N_P2a:2,NLFA,P2,a,A,Streptosporangium roseum,C17:0a,1197670987,
N_P2a:2,NLFA,P2,a,A,Streptosporangium roseum,C17:0cy,3496965696,
N_P2a:2,NLFA,P2,a,A,Streptosporangium roseum,C17:0i,1167551057,
N_P2a:2,NLFA,P2,a,A,Streptosporangium roseum,C17:1w8,23828121242,
N_P2a:2,NLFA,P2,a,A,Streptosporangium roseum,C18:0,70128918377,
N_P2a:2,NLFA,P2,a,A,Streptosporangium roseum,C18:0i,9914537578,
N_P2a:2,NLFA,P2,a,A,Streptosporangium roseum,C18:1w5,101550022,
N_P2a:2,NLFA,P2,a,A,Streptosporangium roseum,C18:1w7,769185150,
N_P2a:2,NLFA,P2,a,A,Streptosporangium roseum,C18:1w9cis,12270333920,
N_P2a:2,NLFA,P2,a,A,Streptosporangium roseum,C18:1w9trans,3272525630,
N_P2a:2,NLFA,P2,a,A,Streptosporangium roseum,"C18:2w6,9",65357784,
N_P2a:2,NLFA,P2,a,A,Streptosporangium roseum,C19:1w9,659314077,
N_P2b:2,NLFA,P2,b,A,Streptosporangium roseum,C19:0,13018933012,
N_P2b:2,NLFA,P2,b,A,Streptosporangium roseum,10Me17:0,59846235210,
N_P2b:2,NLFA,P2,b,A,Streptosporangium roseum,10Me18:0,22775283110,
N_P2b:2,NLFA,P2,b,A,Streptosporangium roseum,C14:0,5013565282,
N_P2b:2,NLFA,P2,b,A,Streptosporangium roseum,C14:0i,32656132347,
N_P2b:2,NLFA,P2,b,A,Streptosporangium roseum,C15:0,9997185886,
N_P2b:2,NLFA,P2,b,A,Streptosporangium roseum,C15:0a,1275961980,
N_P2b:2,NLFA,P2,b,A,Streptosporangium roseum,C15:0i,3127394512,
N_P2b:2,NLFA,P2,b,A,Streptosporangium roseum,C15:1w5,361681423,
N_P2b:2,NLFA,P2,b,A,Streptosporangium roseum,C16:0,41792240134,
N_P2b:2,NLFA,P2,b,A,Streptosporangium roseum,C16:0i,57722190952,
N_P2b:2,NLFA,P2,b,A,Streptosporangium roseum,C16:1w6i,2960278983,
N_P2b:2,NLFA,P2,b,A,Streptosporangium roseum,C16:1w7,5080694355,
N_P2b:2,NLFA,P2,b,A,Streptosporangium roseum,C16:1w9,1166310842,
N_P2b:2,NLFA,P2,b,A,Streptosporangium roseum,C17:0,29164431453,
N_P2b:2,NLFA,P2,b,A,Streptosporangium roseum,C17:0a,613906253,
N_P2b:2,NLFA,P2,b,A,Streptosporangium roseum,C17:0cy,2512242003,
N_P2b:2,NLFA,P2,b,A,Streptosporangium roseum,C17:0i,763687199,
N_P2b:2,NLFA,P2,b,A,Streptosporangium roseum,C17:1w8,17019036099,
N_P2b:2,NLFA,P2,b,A,Streptosporangium roseum,C18:0,58747030837,
N_P2b:2,NLFA,P2,b,A,Streptosporangium roseum,C18:0i,6073966240,
N_P2b:2,NLFA,P2,b,A,Streptosporangium roseum,C18:1w5,86311577,
N_P2b:2,NLFA,P2,b,A,Streptosporangium roseum,C18:1w7,531855935,
N_P2b:2,NLFA,P2,b,A,Streptosporangium roseum,C18:1w9cis,8766314847,
N_P2b:2,NLFA,P2,b,A,Streptosporangium roseum,C18:1w9trans,2226765585,
N_P2b:2,NLFA,P2,b,A,Streptosporangium roseum,"C18:2w6,9",47473195,
N_P2b:2,NLFA,P2,b,A,Streptosporangium roseum,C19:1w9,258730127,
N_P3a:2,NLFA,P3,a,A,Paenibacillus alginolyticus,C19:0,4443884702,
N_P3a:2,NLFA,P3,a,A,Paenibacillus alginolyticus,10Me17:0,52643588,
N_P3a:2,NLFA,P3,a,A,Paenibacillus alginolyticus,C14:0,761803918,
N_P3a:2,NLFA,P3,a,A,Paenibacillus alginolyticus,C14:0i,10049840067,
N_P3a:2,NLFA,P3,a,A,Paenibacillus alginolyticus,C15:0,1054880370,
N_P3a:2,NLFA,P3,a,A,Paenibacillus alginolyticus,C15:0a,68528954297,
N_P3a:2,NLFA,P3,a,A,Paenibacillus alginolyticus,C15:0i,12311046441,
N_P3a:2,NLFA,P3,a,A,Paenibacillus alginolyticus,C16:0,4691725343,
N_P3a:2,NLFA,P3,a,A,Paenibacillus alginolyticus,C16:0i,10832956735,
N_P3a:2,NLFA,P3,a,A,Paenibacillus alginolyticus,C16:1w7,54176533,
N_P3a:2,NLFA,P3,a,A,Paenibacillus alginolyticus,C17:0,100913627,
N_P3a:2,NLFA,P3,a,A,Paenibacillus alginolyticus,C17:0a,2642884639,
N_P3a:2,NLFA,P3,a,A,Paenibacillus alginolyticus,C17:0i,88509758,
N_P3a:2,NLFA,P3,a,A,Paenibacillus alginolyticus,C18:0,26639274916,
N_P3a:2,NLFA,P3,a,A,Paenibacillus alginolyticus,C18:1w9cis,316187245,
N_P3a:2,NLFA,P3,a,A,Paenibacillus alginolyticus,"C18:2w6,9",43663436,
N_P3b:2,NLFA,P3,b,A,Paenibacillus alginolyticus,C19:0,9189476096,
N_P3b:2,NLFA,P3,b,A,Paenibacillus alginolyticus,10Me17:0,31549349,
N_P3b:2,NLFA,P3,b,A,Paenibacillus alginolyticus,C14:0,681275442,
N_P3b:2,NLFA,P3,b,A,Paenibacillus alginolyticus,C14:0i,8301203447,
N_P3b:2,NLFA,P3,b,A,Paenibacillus alginolyticus,C15:0,821311193,
N_P3b:2,NLFA,P3,b,A,Paenibacillus alginolyticus,C15:0a,59172015278,
N_P3b:2,NLFA,P3,b,A,Paenibacillus alginolyticus,C15:0i,9704604890,
N_P3b:2,NLFA,P3,b,A,Paenibacillus alginolyticus,C16:0,8443756677,
N_P3b:2,NLFA,P3,b,A,Paenibacillus alginolyticus,C16:0i,8303859669,
N_P3b:2,NLFA,P3,b,A,Paenibacillus alginolyticus,C16:1w7,46887458,
N_P3b:2,NLFA,P3,b,A,Paenibacillus alginolyticus,C17:0,166123358,
N_P3b:2,NLFA,P3,b,A,Paenibacillus alginolyticus,C17:0a,2172661203,
N_P3b:2,NLFA,P3,b,A,Paenibacillus alginolyticus,C17:0i,92955086,
N_P3b:2,NLFA,P3,b,A,Paenibacillus alginolyticus,C18:0,45540081132,
N_P3b:2,NLFA,P3,b,A,Paenibacillus alginolyticus,C18:1w9cis,566627500,
N_P3b:2,NLFA,P3,b,A,Paenibacillus alginolyticus,"C18:2w6,9",75596620,
N_P3c:2,NLFA,P3,c,A,Paenibacillus alginolyticus,C19:0,4578879420,
N_P3c:2,NLFA,P3,c,A,Paenibacillus alginolyticus,10Me17:0,20854575,
N_P3c:2,NLFA,P3,c,A,Paenibacillus alginolyticus,C14:0,581045807,
N_P3c:2,NLFA,P3,c,A,Paenibacillus alginolyticus,C14:0i,7580895899,
N_P3c:2,NLFA,P3,c,A,Paenibacillus alginolyticus,C15:0,748195217,
N_P3c:2,NLFA,P3,c,A,Paenibacillus alginolyticus,C15:0a,57476382708,
N_P3c:2,NLFA,P3,c,A,Paenibacillus alginolyticus,C15:0i,9126840596,
N_P3c:2,NLFA,P3,c,A,Paenibacillus alginolyticus,C16:0,4936511223,
N_P3c:2,NLFA,P3,c,A,Paenibacillus alginolyticus,C16:0i,7693494197,
N_P3c:2,NLFA,P3,c,A,Paenibacillus alginolyticus,C16:1w7,32774676,
N_P3c:2,NLFA,P3,c,A,Paenibacillus alginolyticus,C17:0,94939835,
N_P3c:2,NLFA,P3,c,A,Paenibacillus alginolyticus,C17:0a,1932036891,
N_P3c:2,NLFA,P3,c,A,Paenibacillus alginolyticus,C17:0i,68080448,
N_P3c:2,NLFA,P3,c,A,Paenibacillus alginolyticus,C18:0,29155012963,
N_P3c:2,NLFA,P3,c,A,Paenibacillus alginolyticus,C18:1w9cis,320144616,
N_P3c:2,NLFA,P3,c,A,Paenibacillus alginolyticus,"C18:2w6,9",42112749,
N_P4a,NLFA,P4,a,A,Labilithrix luteola,C19:0,18491222437,
N_P4a,NLFA,P4,a,A,Labilithrix luteola,C14:0,556240031,
N_P4a,NLFA,P4,a,A,Labilithrix luteola,C15:0,90356318,
N_P4a,NLFA,P4,a,A,Labilithrix luteola,C16:0,16152342449,
N_P4a,NLFA,P4,a,A,Labilithrix luteola,C16:1w7,158025509,
N_P4a,NLFA,P4,a,A,Labilithrix luteola,C17:0,383857631,
N_P4a,NLFA,P4,a,A,Labilithrix luteola,C17:0cy,527807993,
N_P4a,NLFA,P4,a,A,Labilithrix luteola,C18:0,75284620980,
N_P4a,NLFA,P4,a,A,Labilithrix luteola,C18:1w9cis,1131173448,
N_P4a,NLFA,P4,a,A,Labilithrix luteola,C18:1w9trans,2584640440,
N_P4a,NLFA,P4,a,A,Labilithrix luteola,"C18:2w6,9",373698625,
N_P4a,NLFA,P4,a,A,Labilithrix luteola,C19:1w9,1136031280,
N_P4b,NLFA,P4,b,A,Labilithrix luteola,C19:0,18253475833,
N_P4b,NLFA,P4,b,A,Labilithrix luteola,C14:0,132003848,
N_P4b,NLFA,P4,b,A,Labilithrix luteola,C15:0,77810736,
N_P4b,NLFA,P4,b,A,Labilithrix luteola,C16:0,14671286042,
N_P4b,NLFA,P4,b,A,Labilithrix luteola,C16:1w7,61977080,
N_P4b,NLFA,P4,b,A,Labilithrix luteola,C17:0,335423680,
N_P4b,NLFA,P4,b,A,Labilithrix luteola,C17:0cy,162411824,
N_P4b,NLFA,P4,b,A,Labilithrix luteola,C18:0,74835122582,
N_P4b,NLFA,P4,b,A,Labilithrix luteola,C18:1w9cis,927897922,
N_P4b,NLFA,P4,b,A,Labilithrix luteola,C18:1w9trans,895557660,
N_P4b,NLFA,P4,b,A,Labilithrix luteola,"C18:2w6,9",120997478,
N_P4b,NLFA,P4,b,A,Labilithrix luteola,C19:1w9,354178130,
N_P4c,NLFA,P4,c,A,Labilithrix luteola,C19:0,17812038344,
N_P4c,NLFA,P4,c,A,Labilithrix luteola,C14:0,136592099,
N_P4c,NLFA,P4,c,A,Labilithrix luteola,C15:0,69346980,
N_P4c,NLFA,P4,c,A,Labilithrix luteola,C16:0,10689733594,
N_P4c,NLFA,P4,c,A,Labilithrix luteola,C16:1w7,184408453,
N_P4c,NLFA,P4,c,A,Labilithrix luteola,C17:0,197697567,
N_P4c,NLFA,P4,c,A,Labilithrix luteola,C17:0cy,364153658,
N_P4c,NLFA,P4,c,A,Labilithrix luteola,C18:0,59254220286,
N_P4c,NLFA,P4,c,A,Labilithrix luteola,C18:1w9cis,924415142,
N_P4c,NLFA,P4,c,A,Labilithrix luteola,C18:1w9trans,2210035985,
N_P4c,NLFA,P4,c,A,Labilithrix luteola,"C18:2w6,9",108810078,
N_P4c,NLFA,P4,c,A,Labilithrix luteola,C19:1w9,1011296058,
N_P5a,NLFA,P5,a,A,Chelativorans multitrophicus,C19:0,22613175966,
N_P5a,NLFA,P5,a,A,Chelativorans multitrophicus,C14:0,177063767,
N_P5a,NLFA,P5,a,A,Chelativorans multitrophicus,C15:0,302091869,
N_P5a,NLFA,P5,a,A,Chelativorans multitrophicus,C16:0,14319632134,
N_P5a,NLFA,P5,a,A,Chelativorans multitrophicus,C16:1w7,220569289,
N_P5a,NLFA,P5,a,A,Chelativorans multitrophicus,C17:0,3503063158,
N_P5a,NLFA,P5,a,A,Chelativorans multitrophicus,C17:0cy,487985886,
N_P5a,NLFA,P5,a,A,Chelativorans multitrophicus,C17:0i,1132680599,
N_P5a,NLFA,P5,a,A,Chelativorans multitrophicus,C17:1w8,824115922,
N_P5a,NLFA,P5,a,A,Chelativorans multitrophicus,C18:0,68311589601,
N_P5a,NLFA,P5,a,A,Chelativorans multitrophicus,C18:1w5,158788567,
N_P5a,NLFA,P5,a,A,Chelativorans multitrophicus,C18:1w7,851923210,
N_P5a,NLFA,P5,a,A,Chelativorans multitrophicus,C18:1w9cis,1076244964,
N_P5a,NLFA,P5,a,A,Chelativorans multitrophicus,C18:1w9trans,6919735461,
N_P5a,NLFA,P5,a,A,Chelativorans multitrophicus,"C18:2w6,9",127365998,
N_P5a,NLFA,P5,a,A,Chelativorans multitrophicus,C19:1w9,34798931743,
N_P5b,NLFA,P5,b,A,Chelativorans multitrophicus,C19:0,22879704898,
N_P5b,NLFA,P5,b,A,Chelativorans multitrophicus,C14:0,218828212,
N_P5b,NLFA,P5,b,A,Chelativorans multitrophicus,C15:0,290620945,
N_P5b,NLFA,P5,b,A,Chelativorans multitrophicus,C16:0,14583959731,
N_P5b,NLFA,P5,b,A,Chelativorans multitrophicus,C16:1w7,202725541,
N_P5b,NLFA,P5,b,A,Chelativorans multitrophicus,C17:0,3252135915,
N_P5b,NLFA,P5,b,A,Chelativorans multitrophicus,C17:0cy,450051257,
N_P5b,NLFA,P5,b,A,Chelativorans multitrophicus,C17:0i,1072007779,
N_P5b,NLFA,P5,b,A,Chelativorans multitrophicus,C17:1w8,797660442,
N_P5b,NLFA,P5,b,A,Chelativorans multitrophicus,C18:0,70586803222,
N_P5b,NLFA,P5,b,A,Chelativorans multitrophicus,C18:1w5,145611115,
N_P5b,NLFA,P5,b,A,Chelativorans multitrophicus,C18:1w7,792143929,
N_P5b,NLFA,P5,b,A,Chelativorans multitrophicus,C18:1w9cis,1067181089,
N_P5b,NLFA,P5,b,A,Chelativorans multitrophicus,C18:1w9trans,6288094551,
N_P5b,NLFA,P5,b,A,Chelativorans multitrophicus,"C18:2w6,9",126563884,
N_P5b,NLFA,P5,b,A,Chelativorans multitrophicus,C19:1w9,32440801451,
N_P6a:2,NLFA,P6,a,A,Periconia macrospinosa,C19:0,4542984924,
N_P6a:2,NLFA,P6,a,A,Periconia macrospinosa,C14:0,93205428,
N_P6a:2,NLFA,P6,a,A,Periconia macrospinosa,C15:0,224195170,
N_P6a:2,NLFA,P6,a,A,Periconia macrospinosa,C16:0,7561376565,
N_P6a:2,NLFA,P6,a,A,Periconia macrospinosa,C16:1w7,713072056,
N_P6a:2,NLFA,P6,a,A,Periconia macrospinosa,C17:0,418112905,
N_P6a:2,NLFA,P6,a,A,Periconia macrospinosa,C17:1w8,329497644,
N_P6a:2,NLFA,P6,a,A,Periconia macrospinosa,C18:0,31179402435,
N_P6a:2,NLFA,P6,a,A,Periconia macrospinosa,C18:1w9cis,12626922915,
N_P6a:2,NLFA,P6,a,A,Periconia macrospinosa,C18:1w9trans,1304080240,
N_P6a:2,NLFA,P6,a,A,Periconia macrospinosa,"C18:2w6,9",15097156100,
N_P6b:2,NLFA,P6,b,A,Periconia macrospinosa,C19:0,4641788767,
N_P6b:2,NLFA,P6,b,A,Periconia macrospinosa,C14:0,120210235,
N_P6b:2,NLFA,P6,b,A,Periconia macrospinosa,C15:0,355160479,
N_P6b:2,NLFA,P6,b,A,Periconia macrospinosa,C16:0,10449736548,
N_P6b:2,NLFA,P6,b,A,Periconia macrospinosa,C16:1w7,1619501140,
N_P6b:2,NLFA,P6,b,A,Periconia macrospinosa,C16:1w9,7988665,
N_P6b:2,NLFA,P6,b,A,Periconia macrospinosa,C17:0,598764234,
N_P6b:2,NLFA,P6,b,A,Periconia macrospinosa,C17:1w8,412632376,
N_P6b:2,NLFA,P6,b,A,Periconia macrospinosa,C18:0,32482335346,
N_P6b:2,NLFA,P6,b,A,Periconia macrospinosa,C18:1w9cis,22539203355,
N_P6b:2,NLFA,P6,b,A,Periconia macrospinosa,C18:1w9trans,2438362343,
N_P6b:2,NLFA,P6,b,A,Periconia macrospinosa,"C18:2w6,9",23655881098,
N_P7a:4,NLFA,P7,a,A,Trichoderma virens,C19:0,1207705370,
N_P7a:4,NLFA,P7,a,A,Trichoderma virens,C14:0,1062969653,
N_P7a:4,NLFA,P7,a,A,Trichoderma virens,C15:0,1081907149,
N_P7a:4,NLFA,P7,a,A,Trichoderma virens,C16:0,63926508037,
N_P7a:4,NLFA,P7,a,A,Trichoderma virens,C16:1w7,5141337040,
N_P7a:4,NLFA,P7,a,A,Trichoderma virens,C16:1w9,200249060,
N_P7a:4,NLFA,P7,a,A,Trichoderma virens,"C16:2w4,7",586392694,
N_P7a:4,NLFA,P7,a,A,Trichoderma virens,C17:0,454121515,
N_P7a:4,NLFA,P7,a,A,Trichoderma virens,C17:1w8,351979679,
N_P7a:4,NLFA,P7,a,A,Trichoderma virens,C18:0,37202224407,
N_P7a:4,NLFA,P7,a,A,Trichoderma virens,C18:1w9cis,94764660177,
N_P7a:4,NLFA,P7,a,A,Trichoderma virens,"C18:2w6,9",58537125434,
N_P7b:3,NLFA,P7,b,A,Trichoderma virens,C19:0,1140806950,
N_P7b:3,NLFA,P7,b,A,Trichoderma virens,C14:0,939433656,
N_P7b:3,NLFA,P7,b,A,Trichoderma virens,C15:0,986251767,
N_P7b:3,NLFA,P7,b,A,Trichoderma virens,C16:0,59290583039,
N_P7b:3,NLFA,P7,b,A,Trichoderma virens,C16:1w7,4240820165,
N_P7b:3,NLFA,P7,b,A,Trichoderma virens,C16:1w9,178007018,
N_P7b:3,NLFA,P7,b,A,Trichoderma virens,"C16:2w4,7",526256087,
N_P7b:3,NLFA,P7,b,A,Trichoderma virens,C17:0,406976392,
N_P7b:3,NLFA,P7,b,A,Trichoderma virens,C17:1w8,322279439,
N_P7b:3,NLFA,P7,b,A,Trichoderma virens,C18:0,34806220065,
N_P7b:3,NLFA,P7,b,A,Trichoderma virens,C18:1w9cis,86504538586,
N_P7b:3,NLFA,P7,b,A,Trichoderma virens,"C18:2w6,9",55005108549,
N_P7c:2,NLFA,P7,c,A,Trichoderma virens,C19:0,1093734151,
N_P7c:2,NLFA,P7,c,A,Trichoderma virens,C14:0,706633080,
N_P7c:2,NLFA,P7,c,A,Trichoderma virens,C15:0,746660566,
N_P7c:2,NLFA,P7,c,A,Trichoderma virens,C16:0,48883296404,
N_P7c:2,NLFA,P7,c,A,Trichoderma virens,C16:1w7,3356207531,
N_P7c:2,NLFA,P7,c,A,Trichoderma virens,C16:1w9,134658593,
N_P7c:2,NLFA,P7,c,A,Trichoderma virens,"C16:2w4,7",354166828,
N_P7c:2,NLFA,P7,c,A,Trichoderma virens,C17:0,309867862,
N_P7c:2,NLFA,P7,c,A,Trichoderma virens,C17:1w8,240145430,
N_P7c:2,NLFA,P7,c,A,Trichoderma virens,C18:0,28156629852,
N_P7c:2,NLFA,P7,c,A,Trichoderma virens,C18:1w9cis,70834476272,
N_P7c:2,NLFA,P7,c,A,Trichoderma virens,"C18:2w6,9",43111038622,
N_P8a:2,NLFA,P8,a,A,Armillaria gallica,C19:0,5252257051,
N_P8a:2,NLFA,P8,a,A,Armillaria gallica,C14:0,1459739597,
N_P8a:2,NLFA,P8,a,A,Armillaria gallica,C15:0,1044353405,
N_P8a:2,NLFA,P8,a,A,Armillaria gallica,C16:0,20638457844,
N_P8a:2,NLFA,P8,a,A,Armillaria gallica,C16:1w7,347330428,
N_P8a:2,NLFA,P8,a,A,Armillaria gallica,"C16:2w4,7",142324684,
N_P8a:2,NLFA,P8,a,A,Armillaria gallica,"C16:2w6,9",71106040,
N_P8a:2,NLFA,P8,a,A,Armillaria gallica,C17:0,275375442,
N_P8a:2,NLFA,P8,a,A,Armillaria gallica,C18:0,27044619346,
N_P8a:2,NLFA,P8,a,A,Armillaria gallica,C18:1w9cis,7937363581,
N_P8a:2,NLFA,P8,a,A,Armillaria gallica,C18:1w9trans,165695353,
N_P8a:2,NLFA,P8,a,A,Armillaria gallica,"C18:2w6,9",48929181269,
N_P8a:2,NLFA,P8,a,A,Armillaria gallica,"C19:2w6,9",5836868989,
N_P8b:2,NLFA,P8,b,A,Armillaria gallica,C19:0,4490552386,
N_P8b:2,NLFA,P8,b,A,Armillaria gallica,C14:0,425212084,
N_P8b:2,NLFA,P8,b,A,Armillaria gallica,C15:0,344716663,
N_P8b:2,NLFA,P8,b,A,Armillaria gallica,C16:0,7763045249,
N_P8b:2,NLFA,P8,b,A,Armillaria gallica,C16:1w7,136065413,
N_P8b:2,NLFA,P8,b,A,Armillaria gallica,"C16:2w4,7",60167857,
N_P8b:2,NLFA,P8,b,A,Armillaria gallica,"C16:2w6,9",30901186,
N_P8b:2,NLFA,P8,b,A,Armillaria gallica,C17:0,158091080,
N_P8b:2,NLFA,P8,b,A,Armillaria gallica,C18:0,24122109392,
N_P8b:2,NLFA,P8,b,A,Armillaria gallica,C18:1w9cis,2458050941,
N_P8b:2,NLFA,P8,b,A,Armillaria gallica,C18:1w9trans,50733890,
N_P8b:2,NLFA,P8,b,A,Armillaria gallica,"C18:2w6,9",19151500327,
N_P8b:2,NLFA,P8,b,A,Armillaria gallica,"C19:2w6,9",1235514320,
N_P8c:2,NLFA,P8,c,A,Armillaria gallica,C19:0,4805843817,
N_P8c:2,NLFA,P8,c,A,Armillaria gallica,C14:0,889266734,
N_P8c:2,NLFA,P8,c,A,Armillaria gallica,C15:0,753650677,
N_P8c:2,NLFA,P8,c,A,Armillaria gallica,C16:0,12657827224,
N_P8c:2,NLFA,P8,c,A,Armillaria gallica,C16:1w7,221513737,
N_P8c:2,NLFA,P8,c,A,Armillaria gallica,C16:1w9,29060205,
N_P8c:2,NLFA,P8,c,A,Armillaria gallica,"C16:2w4,7",104352195,
N_P8c:2,NLFA,P8,c,A,Armillaria gallica,"C16:2w6,9",76425713,
N_P8c:2,NLFA,P8,c,A,Armillaria gallica,C17:0,289302091,
N_P8c:2,NLFA,P8,c,A,Armillaria gallica,C18:0,28269983657,
N_P8c:2,NLFA,P8,c,A,Armillaria gallica,C18:1w9cis,4729969354,
N_P8c:2,NLFA,P8,c,A,Armillaria gallica,C18:1w9trans,102380318,
N_P8c:2,NLFA,P8,c,A,Armillaria gallica,"C18:2w6,9",33636741736,
N_P8c:2,NLFA,P8,c,A,Armillaria gallica,"C19:2w6,9",2528175430,
N_P9a:2,NLFA,P9,a,A,Psilocybe cyanescens,C19:0,14854189209,
N_P9a:2,NLFA,P9,a,A,Psilocybe cyanescens,10Me17:0,15331869584,
N_P9a:2,NLFA,P9,a,A,Psilocybe cyanescens,10Me18:0,5233362611,
N_P9a:2,NLFA,P9,a,A,Psilocybe cyanescens,C14:0,4725036766,
N_P9a:2,NLFA,P9,a,A,Psilocybe cyanescens,C14:0i,3345442331,
N_P9a:2,NLFA,P9,a,A,Psilocybe cyanescens,C15:0,26855668175,
N_P9a:2,NLFA,P9,a,A,Psilocybe cyanescens,C15:0a,5334611981,
N_P9a:2,NLFA,P9,a,A,Psilocybe cyanescens,C15:0i,20514401800,
N_P9a:2,NLFA,P9,a,A,Psilocybe cyanescens,C15:1w5,1525196794,
N_P9a:2,NLFA,P9,a,A,Psilocybe cyanescens,C16:0,56339315608,
N_P9a:2,NLFA,P9,a,A,Psilocybe cyanescens,C16:0i,38446189278,
N_P9a:2,NLFA,P9,a,A,Psilocybe cyanescens,C16:1w6i,2763383619,
N_P9a:2,NLFA,P9,a,A,Psilocybe cyanescens,C16:1w7,9671978416,
N_P9a:2,NLFA,P9,a,A,Psilocybe cyanescens,C17:0,47206827034,
N_P9a:2,NLFA,P9,a,A,Psilocybe cyanescens,C17:0a,15165332879,
N_P9a:2,NLFA,P9,a,A,Psilocybe cyanescens,C17:0i,33519309667,
N_P9a:2,NLFA,P9,a,A,Psilocybe cyanescens,C17:1w8,33262242403,
N_P9a:2,NLFA,P9,a,A,Psilocybe cyanescens,C18:0,62208492783,
N_P9a:2,NLFA,P9,a,A,Psilocybe cyanescens,C18:0i,2556338671,
N_P9a:2,NLFA,P9,a,A,Psilocybe cyanescens,C18:1w9cis,28194539737,
N_P9a:2,NLFA,P9,a,A,Psilocybe cyanescens,C18:1w9trans,6472484016,
N_P9a:2,NLFA,P9,a,A,Psilocybe cyanescens,"C18:2w6,9",53803949840,
N_P9a:2,NLFA,P9,a,A,Psilocybe cyanescens,"C19:2w6,9",539907047,
N_P9b:2,NLFA,P9,b,A,Psilocybe cyanescens,C19:0,15606108289,
N_P9b:2,NLFA,P9,b,A,Psilocybe cyanescens,10Me17:0,22961376678,
N_P9b:2,NLFA,P9,b,A,Psilocybe cyanescens,10Me18:0,8478706245,
N_P9b:2,NLFA,P9,b,A,Psilocybe cyanescens,C14:0,6821421099,
N_P9b:2,NLFA,P9,b,A,Psilocybe cyanescens,C14:0i,4665724195,
N_P9b:2,NLFA,P9,b,A,Psilocybe cyanescens,C15:0,35103929879,
N_P9b:2,NLFA,P9,b,A,Psilocybe cyanescens,C15:0a,7576011364,
N_P9b:2,NLFA,P9,b,A,Psilocybe cyanescens,C15:0i,27103147202,
N_P9b:2,NLFA,P9,b,A,Psilocybe cyanescens,C15:1w5,2165940601,
N_P9b:2,NLFA,P9,b,A,Psilocybe cyanescens,C16:0,64605391005,
N_P9b:2,NLFA,P9,b,A,Psilocybe cyanescens,C16:0i,48422311744,
N_P9b:2,NLFA,P9,b,A,Psilocybe cyanescens,C16:1w6i,4181255494,
N_P9b:2,NLFA,P9,b,A,Psilocybe cyanescens,C16:1w7,13478116373,
N_P9b:2,NLFA,P9,b,A,Psilocybe cyanescens,C17:0,57968085250,
N_P9b:2,NLFA,P9,b,A,Psilocybe cyanescens,C17:0a,19865834504,
N_P9b:2,NLFA,P9,b,A,Psilocybe cyanescens,C17:0i,41761748156,
N_P9b:2,NLFA,P9,b,A,Psilocybe cyanescens,C17:1w8,39349629397,
N_P9b:2,NLFA,P9,b,A,Psilocybe cyanescens,C18:0,60635656618,
N_P9b:2,NLFA,P9,b,A,Psilocybe cyanescens,C18:0i,3685072134,
N_P9b:2,NLFA,P9,b,A,Psilocybe cyanescens,C18:1w9cis,32258939348,
N_P9b:2,NLFA,P9,b,A,Psilocybe cyanescens,C18:1w9trans,7166606868,
N_P9b:2,NLFA,P9,b,A,Psilocybe cyanescens,"C18:2w6,9",55889282975,
N_P9c:2,NLFA,P9,c,A,Psilocybe cyanescens,C19:0,13051222374,
N_P9c:2,NLFA,P9,c,A,Psilocybe cyanescens,10Me17:0,8726458289,
N_P9c:2,NLFA,P9,c,A,Psilocybe cyanescens,10Me18:0,2443577763,
N_P9c:2,NLFA,P9,c,A,Psilocybe cyanescens,C14:0,4064746174,
N_P9c:2,NLFA,P9,c,A,Psilocybe cyanescens,C14:0i,3578119086,
N_P9c:2,NLFA,P9,c,A,Psilocybe cyanescens,C15:0,24492138492,
N_P9c:2,NLFA,P9,c,A,Psilocybe cyanescens,C15:0a,4829206486,
N_P9c:2,NLFA,P9,c,A,Psilocybe cyanescens,C15:0i,19013549779,
N_P9c:2,NLFA,P9,c,A,Psilocybe cyanescens,C15:1w5,1415145124,
N_P9c:2,NLFA,P9,c,A,Psilocybe cyanescens,C16:0,50956238261,
N_P9c:2,NLFA,P9,c,A,Psilocybe cyanescens,C16:0i,35099689381,
N_P9c:2,NLFA,P9,c,A,Psilocybe cyanescens,C16:1w6i,2545780447,
N_P9c:2,NLFA,P9,c,A,Psilocybe cyanescens,C16:1w7,8645894524,
N_P9c:2,NLFA,P9,c,A,Psilocybe cyanescens,C17:0,42406870203,
N_P9c:2,NLFA,P9,c,A,Psilocybe cyanescens,C17:0a,11789143845,
N_P9c:2,NLFA,P9,c,A,Psilocybe cyanescens,C17:0i,26601549846,
N_P9c:2,NLFA,P9,c,A,Psilocybe cyanescens,C17:1w8,28297902971,
N_P9c:2,NLFA,P9,c,A,Psilocybe cyanescens,C18:0,87106542734,
N_P9c:2,NLFA,P9,c,A,Psilocybe cyanescens,C18:0i,1932594265,
N_P9c:2,NLFA,P9,c,A,Psilocybe cyanescens,C18:1w9cis,23331622593,
N_P9c:2,NLFA,P9,c,A,Psilocybe cyanescens,C18:1w9trans,4240071661,
N_P9c:2,NLFA,P9,c,A,Psilocybe cyanescens,"C18:2w6,9",46202593320,
N_P9c:2,NLFA,P9,c,A,Psilocybe cyanescens,"C19:2w6,9",226744919,
G_EM1a,GLFA,EM1,a,A,Lactarius subdulcis,C19:0,11909434274,
G_EM1a,GLFA,EM1,a,A,Lactarius subdulcis,C14:0,128394925,
G_EM1a,GLFA,EM1,a,A,Lactarius subdulcis,C15:0,184954833,
G_EM1a,GLFA,EM1,a,A,Lactarius subdulcis,C16:0,2422383186,
G_EM1a,GLFA,EM1,a,A,Lactarius subdulcis,C16:1w7,406878501,
G_EM1a,GLFA,EM1,a,A,Lactarius subdulcis,C16:1w9,52483817,
G_EM1a,GLFA,EM1,a,A,Lactarius subdulcis,C17:0,71732558,
G_EM1a,GLFA,EM1,a,A,Lactarius subdulcis,C18:0,16327410996,
G_EM1a,GLFA,EM1,a,A,Lactarius subdulcis,C18:1w9cis,587047715,
G_EM1a,GLFA,EM1,a,A,Lactarius subdulcis,"C18:2w6,9",608683299,
G_EM1b,GLFA,EM1,b,A,Lactarius subdulcis,C19:0,10213478129,
G_EM1b,GLFA,EM1,b,A,Lactarius subdulcis,C14:0,141078202,
G_EM1b,GLFA,EM1,b,A,Lactarius subdulcis,C15:0,169438481,
G_EM1b,GLFA,EM1,b,A,Lactarius subdulcis,C16:0,2817299008,
G_EM1b,GLFA,EM1,b,A,Lactarius subdulcis,C16:0i,52073214,
G_EM1b,GLFA,EM1,b,A,Lactarius subdulcis,C16:1w7,334671609,
G_EM1b,GLFA,EM1,b,A,Lactarius subdulcis,C16:1w9,54921710,
G_EM1b,GLFA,EM1,b,A,Lactarius subdulcis,C17:0,61328676,
G_EM1b,GLFA,EM1,b,A,Lactarius subdulcis,C17:0a,114046738,
G_EM1b,GLFA,EM1,b,A,Lactarius subdulcis,C18:0,15789190436,
G_EM1b,GLFA,EM1,b,A,Lactarius subdulcis,C18:1w9cis,1201652518,
G_EM1b,GLFA,EM1,b,A,Lactarius subdulcis,C18:1w9trans,42548659,
G_EM1b,GLFA,EM1,b,A,Lactarius subdulcis,"C18:2w6,9",377759282,
G_EM1c,GLFA,EM1,c,A,Lactarius subdulcis,C19:0,10283314020,
G_EM1c,GLFA,EM1,c,A,Lactarius subdulcis,C14:0,326996237,
G_EM1c,GLFA,EM1,c,A,Lactarius subdulcis,C15:0,469751101,
G_EM1c,GLFA,EM1,c,A,Lactarius subdulcis,C16:0,3797090507,
G_EM1c,GLFA,EM1,c,A,Lactarius subdulcis,C16:0_2-OH,187589576,
G_EM1c,GLFA,EM1,c,A,Lactarius subdulcis,C16:0i,123129395,
G_EM1c,GLFA,EM1,c,A,Lactarius subdulcis,C16:1w7,790791490,
G_EM1c,GLFA,EM1,c,A,Lactarius subdulcis,C16:1w9,192507471,
G_EM1c,GLFA,EM1,c,A,Lactarius subdulcis,C17:0,83932139,
G_EM1c,GLFA,EM1,c,A,Lactarius subdulcis,C17:0a,146671073,
G_EM1c,GLFA,EM1,c,A,Lactarius subdulcis,C18:0,18220573736,
G_EM1c,GLFA,EM1,c,A,Lactarius subdulcis,C18:1w9cis,2508194364,
G_EM1c,GLFA,EM1,c,A,Lactarius subdulcis,"C18:2w6,9",753651520,
G_EM2a,GLFA,EM2,a,A,Lactarius quietus,C19:0,14199995721,
G_EM2a,GLFA,EM2,a,A,Lactarius quietus,C14:0,82285186,
G_EM2a,GLFA,EM2,a,A,Lactarius quietus,C15:0,114834607,
G_EM2a,GLFA,EM2,a,A,Lactarius quietus,C16:0,2696060229,
G_EM2a,GLFA,EM2,a,A,Lactarius quietus,C17:0,89472182,
G_EM2a,GLFA,EM2,a,A,Lactarius quietus,C18:0,21502320743,
G_EM2a,GLFA,EM2,a,A,Lactarius quietus,C18:1w9cis,105411047,
G_EM2a,GLFA,EM2,a,A,Lactarius quietus,"C18:2w6,9",337498651,
G_EM2b,GLFA,EM2,b,A,Lactarius quietus,C19:0,11528457322,
G_EM2b,GLFA,EM2,b,A,Lactarius quietus,C15:0,73496554,
G_EM2b,GLFA,EM2,b,A,Lactarius quietus,C16:0,1958203861,
G_EM2b,GLFA,EM2,b,A,Lactarius quietus,C17:0,62197328,
G_EM2b,GLFA,EM2,b,A,Lactarius quietus,C18:0,16611643242,
G_EM2b,GLFA,EM2,b,A,Lactarius quietus,C18:1w9cis,79361317,
G_EM2b,GLFA,EM2,b,A,Lactarius quietus,"C18:2w6,9",324139198,
G_EM2c,GLFA,EM2,c,A,Lactarius quietus,C19:0,8719615080,
G_EM2c,GLFA,EM2,c,A,Lactarius quietus,C15:0,77031346,
G_EM2c,GLFA,EM2,c,A,Lactarius quietus,C16:0,1704972168,
G_EM2c,GLFA,EM2,c,A,Lactarius quietus,C17:0,62781361,
G_EM2c,GLFA,EM2,c,A,Lactarius quietus,C18:0,14222209063,
G_EM2c,GLFA,EM2,c,A,Lactarius quietus,C18:1w9cis,70645591,
G_EM2c,GLFA,EM2,c,A,Lactarius quietus,"C18:2w6,9",443566166,
G_P1a,GLFA,P1,a,A,Solirubrobacter soli,C19:0,10839926645,
G_P1a,GLFA,P1,a,A,Solirubrobacter soli,C14:0,62207673,
G_P1a,GLFA,P1,a,A,Solirubrobacter soli,C16:0,1882018662,
G_P1a,GLFA,P1,a,A,Solirubrobacter soli,C17:0,63825487,
G_P1a,GLFA,P1,a,A,Solirubrobacter soli,C18:0,15785301476,
G_P1a,GLFA,P1,a,A,Solirubrobacter soli,C18:1w9cis,69734744,
G_P2a,GLFA,P2,a,A,Streptosporangium roseum,C19:0,14569364007,
G_P2a,GLFA,P2,a,A,Streptosporangium roseum,10Me17:0,1672058795,
G_P2a,GLFA,P2,a,A,Streptosporangium roseum,10Me18:0,699488187,
G_P2a,GLFA,P2,a,A,Streptosporangium roseum,C14:0,173979107,
G_P2a,GLFA,P2,a,A,Streptosporangium roseum,C14:0i,1033918187,
G_P2a,GLFA,P2,a,A,Streptosporangium roseum,C15:0,364241413,
G_P2a,GLFA,P2,a,A,Streptosporangium roseum,C15:0i,104072425,
G_P2a,GLFA,P2,a,A,Streptosporangium roseum,C16:0,3699974937,
G_P2a,GLFA,P2,a,A,Streptosporangium roseum,C16:0i,3741002237,
G_P2a,GLFA,P2,a,A,Streptosporangium roseum,C16:1w6i,89640811,
G_P2a,GLFA,P2,a,A,Streptosporangium roseum,C16:1w7,179336992,
G_P2a,GLFA,P2,a,A,Streptosporangium roseum,C17:0,999893100,
G_P2a,GLFA,P2,a,A,Streptosporangium roseum,C17:0_Me,311702814,
G_P2a,GLFA,P2,a,A,Streptosporangium roseum,C17:0i,6294436,
G_P2a,GLFA,P2,a,A,Streptosporangium roseum,C17:1w8,572980685,
G_P2a,GLFA,P2,a,A,Streptosporangium roseum,C18:0,22948079447,
G_P2a,GLFA,P2,a,A,Streptosporangium roseum,C18:0i,782546606,
G_P2a,GLFA,P2,a,A,Streptosporangium roseum,C18:1w9cis,316874878,
G_P2a,GLFA,P2,a,A,Streptosporangium roseum,C18:1w9trans,51780632,
G_P2b,GLFA,P2,b,A,Streptosporangium roseum,C19:0,8792554542,
G_P2b,GLFA,P2,b,A,Streptosporangium roseum,10Me17:0,653278064,
G_P2b,GLFA,P2,b,A,Streptosporangium roseum,10Me18:0,285600800,
G_P2b,GLFA,P2,b,A,Streptosporangium roseum,C14:0,98153657,
G_P2b,GLFA,P2,b,A,Streptosporangium roseum,C14:0i,547871339,
G_P2b,GLFA,P2,b,A,Streptosporangium roseum,C15:0,168660622,
G_P2b,GLFA,P2,b,A,Streptosporangium roseum,C15:0i,52072755,
G_P2b,GLFA,P2,b,A,Streptosporangium roseum,C16:0,2024476617,
G_P2b,GLFA,P2,b,A,Streptosporangium roseum,C16:0i,1457095500,
G_P2b,GLFA,P2,b,A,Streptosporangium roseum,C16:1w7,81322077,
G_P2b,GLFA,P2,b,A,Streptosporangium roseum,C17:0,443378730,
G_P2b,GLFA,P2,b,A,Streptosporangium roseum,C17:0_Me,142058578,
G_P2b,GLFA,P2,b,A,Streptosporangium roseum,C17:1w8,237172060,
G_P2b,GLFA,P2,b,A,Streptosporangium roseum,C18:0,13534519319,
G_P2b,GLFA,P2,b,A,Streptosporangium roseum,C18:0i,397543309,
G_P2b,GLFA,P2,b,A,Streptosporangium roseum,C18:1w9cis,130184990,
G_P2b,GLFA,P2,b,A,Streptosporangium roseum,C18:1w9trans,22261432,
G_P3a:2,GLFA,P3,a,A,Paenibacillus alginolyticus,C19:0,6896446096,
G_P3a:2,GLFA,P3,a,A,Paenibacillus alginolyticus,C14:0,922351343,
G_P3a:2,GLFA,P3,a,A,Paenibacillus alginolyticus,C14:0i,8822932530,
G_P3a:2,GLFA,P3,a,A,Paenibacillus alginolyticus,C15:0,787672690,
G_P3a:2,GLFA,P3,a,A,Paenibacillus alginolyticus,C15:0a,82197750459,
G_P3a:2,GLFA,P3,a,A,Paenibacillus alginolyticus,C15:0i,13203115623,
G_P3a:2,GLFA,P3,a,A,Paenibacillus alginolyticus,C16:0,1977202997,
G_P3a:2,GLFA,P3,a,A,Paenibacillus alginolyticus,C16:0i,10681694922,
G_P3a:2,GLFA,P3,a,A,Paenibacillus alginolyticus,C17:0,55931834,
G_P3a:2,GLFA,P3,a,A,Paenibacillus alginolyticus,C17:0a,3673325255,
G_P3a:2,GLFA,P3,a,A,Paenibacillus alginolyticus,C17:0i,95050303,
G_P3a:2,GLFA,P3,a,A,Paenibacillus alginolyticus,C18:0,11430217288,
G_P3a:2,GLFA,P3,a,A,Paenibacillus alginolyticus,C18:1w9cis,38853995,
G_P3b,GLFA,P3,b,A,Paenibacillus alginolyticus,C19:0,6174461750,
G_P3b,GLFA,P3,b,A,Paenibacillus alginolyticus,C14:0,559344705,
G_P3b,GLFA,P3,b,A,Paenibacillus alginolyticus,C14:0i,5048809941,
G_P3b,GLFA,P3,b,A,Paenibacillus alginolyticus,C15:0,458809464,
G_P3b,GLFA,P3,b,A,Paenibacillus alginolyticus,C15:0a,61281305995,
G_P3b,GLFA,P3,b,A,Paenibacillus alginolyticus,C15:0i,7597530519,
G_P3b,GLFA,P3,b,A,Paenibacillus alginolyticus,C16:0,1603269396,
G_P3b,GLFA,P3,b,A,Paenibacillus alginolyticus,C16:0i,5889549464,
G_P3b,GLFA,P3,b,A,Paenibacillus alginolyticus,C17:0,42077845,
G_P3b,GLFA,P3,b,A,Paenibacillus alginolyticus,C17:0a,2388753172,
G_P3b,GLFA,P3,b,A,Paenibacillus alginolyticus,C17:0i,49108856,
G_P3b,GLFA,P3,b,A,Paenibacillus alginolyticus,C18:0,9958353761,
G_P3c,GLFA,P3,c,A,Paenibacillus alginolyticus,C19:0,6417361108,
G_P3c,GLFA,P3,c,A,Paenibacillus alginolyticus,C14:0,748524866,
G_P3c,GLFA,P3,c,A,Paenibacillus alginolyticus,C14:0i,7094266423,
G_P3c,GLFA,P3,c,A,Paenibacillus alginolyticus,C15:0,618412788,
G_P3c,GLFA,P3,c,A,Paenibacillus alginolyticus,C15:0a,73660198319,
G_P3c,GLFA,P3,c,A,Paenibacillus alginolyticus,C15:0i,10611232225,
G_P3c,GLFA,P3,c,A,Paenibacillus alginolyticus,C16:0,1713808421,
G_P3c,GLFA,P3,c,A,Paenibacillus alginolyticus,C16:0i,8190193824,
G_P3c,GLFA,P3,c,A,Paenibacillus alginolyticus,C17:0a,2933549459,
G_P3c,GLFA,P3,c,A,Paenibacillus alginolyticus,C17:0i,100231951,
G_P3c,GLFA,P3,c,A,Paenibacillus alginolyticus,C18:0,9860918379,
G_P3c,GLFA,P3,c,A,Paenibacillus alginolyticus,C18:1w9cis,32273015,
G_P4a,GLFA,P4,a,A,Labilithrix luteola,C19:0,14604953758,
G_P4a,GLFA,P4,a,A,Labilithrix luteola,C14:0,377730120,
G_P4a,GLFA,P4,a,A,Labilithrix luteola,C15:0,153165920,
G_P4a,GLFA,P4,a,A,Labilithrix luteola,C16:0,12057993243,
G_P4a,GLFA,P4,a,A,Labilithrix luteola,C16:1w7,3386479560,
G_P4a,GLFA,P4,a,A,Labilithrix luteola,C17:0,121767401,
G_P4a,GLFA,P4,a,A,Labilithrix luteola,C17:0cy,3447838609,
G_P4a,GLFA,P4,a,A,Labilithrix luteola,C18:0,27199549995,
G_P4a,GLFA,P4,a,A,Labilithrix luteola,C18:1w7,2148262259,
G_P4a,GLFA,P4,a,A,Labilithrix luteola,C18:1w9cis,80164950,
G_P4a,GLFA,P4,a,A,Labilithrix luteola,C18:1w9trans,31529125542,
G_P4a,GLFA,P4,a,A,Labilithrix luteola,C19:1w9,2201805417,
G_P4b,GLFA,P4,b,A,Labilithrix luteola,C19:0,14599056462,
G_P4b,GLFA,P4,b,A,Labilithrix luteola,C14:0,155721683,
G_P4b,GLFA,P4,b,A,Labilithrix luteola,C15:0,88378880,
G_P4b,GLFA,P4,b,A,Labilithrix luteola,C16:0,5194733919,
G_P4b,GLFA,P4,b,A,Labilithrix luteola,C16:1w7,1202752359,
G_P4b,GLFA,P4,b,A,Labilithrix luteola,C17:0,91859012,
G_P4b,GLFA,P4,b,A,Labilithrix luteola,C17:0cy,1115129656,
G_P4b,GLFA,P4,b,A,Labilithrix luteola,C18:0,21782079728,
G_P4b,GLFA,P4,b,A,Labilithrix luteola,C18:1w7,544159857,
G_P4b,GLFA,P4,b,A,Labilithrix luteola,C18:1w9cis,50944741,
G_P4b,GLFA,P4,b,A,Labilithrix luteola,C18:1w9trans,10748767038,
G_P4b,GLFA,P4,b,A,Labilithrix luteola,C19:1w9,686871986,
G_P4c,GLFA,P4,c,A,Labilithrix luteola,C19:0,11343562918,
G_P4c,GLFA,P4,c,A,Labilithrix luteola,C15:0,131891055,
G_P4c,GLFA,P4,c,A,Labilithrix luteola,C16:0,9864441345,
G_P4c,GLFA,P4,c,A,Labilithrix luteola,C16:1w7,2934022550,
G_P4c,GLFA,P4,c,A,Labilithrix luteola,C17:0,94925674,
G_P4c,GLFA,P4,c,A,Labilithrix luteola,C17:0cy,2980623990,
G_P4c,GLFA,P4,c,A,Labilithrix luteola,C18:0,19541005652,
G_P4c,GLFA,P4,c,A,Labilithrix luteola,C18:1w7,1882555377,
G_P4c,GLFA,P4,c,A,Labilithrix luteola,C18:1w9cis,57064826,
G_P4c,GLFA,P4,c,A,Labilithrix luteola,C18:1w9trans,27596482073,
G_P4c,GLFA,P4,c,A,Labilithrix luteola,C19:1w9,1577642310,
G_P5a,GLFA,P5,a,A,Chelativorans multitrophicus,C19:0,14633532353,
G_P5a,GLFA,P5,a,A,Chelativorans multitrophicus,C14:0,189848896,
G_P5a,GLFA,P5,a,A,Chelativorans multitrophicus,C15:0,997091783,
G_P5a,GLFA,P5,a,A,Chelativorans multitrophicus,C15:0i,1009350840,
G_P5a,GLFA,P5,a,A,Chelativorans multitrophicus,C16:0,10445382878,
G_P5a,GLFA,P5,a,A,Chelativorans multitrophicus,C16:1w7,1052385618,
G_P5a,GLFA,P5,a,A,Chelativorans multitrophicus,C17:0,5434119721,
G_P5a,GLFA,P5,a,A,Chelativorans multitrophicus,C17:0a,170882149,
G_P5a,GLFA,P5,a,A,Chelativorans multitrophicus,C17:0cy,548464928,
G_P5a,GLFA,P5,a,A,Chelativorans multitrophicus,C17:0i,1831778878,
G_P5a,GLFA,P5,a,A,Chelativorans multitrophicus,C17:1w8,1098171294,
G_P5a,GLFA,P5,a,A,Chelativorans multitrophicus,C18:0,22721082710,
G_P5a,GLFA,P5,a,A,Chelativorans multitrophicus,C18:1w5,201940899,
G_P5a,GLFA,P5,a,A,Chelativorans multitrophicus,C18:1w7,353486896,
G_P5a,GLFA,P5,a,A,Chelativorans multitrophicus,C18:1w9cis,53975119,
G_P5a,GLFA,P5,a,A,Chelativorans multitrophicus,C18:1w9trans,6606084721,
G_P5a,GLFA,P5,a,A,Chelativorans multitrophicus,"C18:2w6,9",187754724,
G_P5a,GLFA,P5,a,A,Chelativorans multitrophicus,C19:1w9,16190439345,
G_P5b,GLFA,P5,b,A,Chelativorans multitrophicus,C19:0,14359402226,
G_P5b,GLFA,P5,b,A,Chelativorans multitrophicus,C14:0,170049024,
G_P5b,GLFA,P5,b,A,Chelativorans multitrophicus,C15:0,875689997,
G_P5b,GLFA,P5,b,A,Chelativorans multitrophicus,C15:0i,836182740,
G_P5b,GLFA,P5,b,A,Chelativorans multitrophicus,C16:0,9471828657,
G_P5b,GLFA,P5,b,A,Chelativorans multitrophicus,C16:1w7,945504121,
G_P5b,GLFA,P5,b,A,Chelativorans multitrophicus,C17:0,4696832982,
G_P5b,GLFA,P5,b,A,Chelativorans multitrophicus,C17:0a,146233966,
G_P5b,GLFA,P5,b,A,Chelativorans multitrophicus,C17:0cy,486291425,
G_P5b,GLFA,P5,b,A,Chelativorans multitrophicus,C17:0i,1553307297,
G_P5b,GLFA,P5,b,A,Chelativorans multitrophicus,C17:1w8,919433551,
G_P5b,GLFA,P5,b,A,Chelativorans multitrophicus,C18:0,23118677180,
G_P5b,GLFA,P5,b,A,Chelativorans multitrophicus,C18:1w5,174678750,
G_P5b,GLFA,P5,b,A,Chelativorans multitrophicus,C18:1w9cis,57995920,
G_P5b,GLFA,P5,b,A,Chelativorans multitrophicus,C18:1w9trans,5802689384,
G_P5b,GLFA,P5,b,A,Chelativorans multitrophicus,"C18:2w6,9",180518446,
G_P5b,GLFA,P5,b,A,Chelativorans multitrophicus,C19:1w9,14242959034,
G_P6a,GLFA,P6,a,A,Periconia macrospinosa,C19:0,12107923383,
G_P6a,GLFA,P6,a,A,Periconia macrospinosa,C15:0,63041276,
G_P6a,GLFA,P6,a,A,Periconia macrospinosa,C16:0,2632693217,
G_P6a,GLFA,P6,a,A,Periconia macrospinosa,C17:0,107177522,
G_P6a,GLFA,P6,a,A,Periconia macrospinosa,C18:0,19725661863,
G_P6a,GLFA,P6,a,A,Periconia macrospinosa,C18:1w9cis,1062848640,
G_P6a,GLFA,P6,a,A,Periconia macrospinosa,C18:1w9trans,27281740,
G_P6a,GLFA,P6,a,A,Periconia macrospinosa,"C18:2w6,9",1987101800,
G_P6b,GLFA,P6,b,A,Periconia macrospinosa,C19:0,11160658326,
G_P6b,GLFA,P6,b,A,Periconia macrospinosa,C15:0,50442835,
G_P6b,GLFA,P6,b,A,Periconia macrospinosa,C16:0,2281184012,
G_P6b,GLFA,P6,b,A,Periconia macrospinosa,C17:0,88046417,
G_P6b,GLFA,P6,b,A,Periconia macrospinosa,C18:0,17110903282,
G_P6b,GLFA,P6,b,A,Periconia macrospinosa,C18:1w9cis,1350068829,
G_P6b,GLFA,P6,b,A,Periconia macrospinosa,C18:1w9trans,35587331,
G_P6b,GLFA,P6,b,A,Periconia macrospinosa,"C18:2w6,9",2046459259,
G_P7a,GLFA,P7,a,A,Trichoderma virens,C19:0,8767896213,
G_P7a,GLFA,P7,a,A,Trichoderma virens,C14:0,108644721,
G_P7a,GLFA,P7,a,A,Trichoderma virens,C15:0,161160149,
G_P7a,GLFA,P7,a,A,Trichoderma virens,C16:0,11245263962,
G_P7a,GLFA,P7,a,A,Trichoderma virens,C16:1w7,449492620,
G_P7a,GLFA,P7,a,A,Trichoderma virens,C17:0,93889989,
G_P7a,GLFA,P7,a,A,Trichoderma virens,C18:0,18601535992,
G_P7a,GLFA,P7,a,A,Trichoderma virens,C18:1w9cis,8949648226,
G_P7a,GLFA,P7,a,A,Trichoderma virens,"C18:2w6,9",6219446863,
G_P7b,GLFA,P7,b,A,Trichoderma virens,C19:0,15542207401,
G_P7b,GLFA,P7,b,A,Trichoderma virens,C14:0,113023755,
G_P7b,GLFA,P7,b,A,Trichoderma virens,C15:0,223609201,
G_P7b,GLFA,P7,b,A,Trichoderma virens,C16:0,12637093301,
G_P7b,GLFA,P7,b,A,Trichoderma virens,C16:1w7,524446277,
G_P7b,GLFA,P7,b,A,Trichoderma virens,C17:0,109237314,
G_P7b,GLFA,P7,b,A,Trichoderma virens,C18:0,25693439169,
G_P7b,GLFA,P7,b,A,Trichoderma virens,C18:1w9cis,8831047962,
G_P7b,GLFA,P7,b,A,Trichoderma virens,"C18:2w6,9",7445777532,
G_P7c,GLFA,P7,c,A,Trichoderma virens,C19:0,12187040704,
G_P7c,GLFA,P7,c,A,Trichoderma virens,C14:0,105989109,
G_P7c,GLFA,P7,c,A,Trichoderma virens,C15:0,151738205,
G_P7c,GLFA,P7,c,A,Trichoderma virens,C16:0,10434125186,
G_P7c,GLFA,P7,c,A,Trichoderma virens,C16:1w7,399655061,
G_P7c,GLFA,P7,c,A,Trichoderma virens,C17:0,98350274,
G_P7c,GLFA,P7,c,A,Trichoderma virens,C18:0,21408706730,
G_P7c,GLFA,P7,c,A,Trichoderma virens,C18:1w9cis,6906783109,
G_P7c,GLFA,P7,c,A,Trichoderma virens,"C18:2w6,9",5305947618,
G_P8a,GLFA,P8,a,A,Armillaria gallica,C19:0,10512817510,
G_P8a,GLFA,P8,a,A,Armillaria gallica,C14:0,332308460,
G_P8a,GLFA,P8,a,A,Armillaria gallica,C15:0,251816952,
G_P8a,GLFA,P8,a,A,Armillaria gallica,C16:0,5739710815,
G_P8a,GLFA,P8,a,A,Armillaria gallica,C16:1w7,186807186,
G_P8a,GLFA,P8,a,A,Armillaria gallica,C17:0,99329817,
G_P8a,GLFA,P8,a,A,Armillaria gallica,C18:0,14466910390,
G_P8a,GLFA,P8,a,A,Armillaria gallica,C18:1w9cis,2411654587,
G_P8a,GLFA,P8,a,A,Armillaria gallica,C18:1w9trans,69861103,
G_P8a,GLFA,P8,a,A,Armillaria gallica,"C18:2w6,9",24168636054,
G_P8b,GLFA,P8,b,A,Armillaria gallica,C19:0,10944660086,
G_P8b,GLFA,P8,b,A,Armillaria gallica,C14:0,93034668,
G_P8b,GLFA,P8,b,A,Armillaria gallica,C15:0,72252456,
G_P8b,GLFA,P8,b,A,Armillaria gallica,C16:0,2565706496,
G_P8b,GLFA,P8,b,A,Armillaria gallica,C17:0,73883442,
G_P8b,GLFA,P8,b,A,Armillaria gallica,C18:0,17043338180,
G_P8b,GLFA,P8,b,A,Armillaria gallica,C18:1w9cis,531429493,
G_P8b,GLFA,P8,b,A,Armillaria gallica,"C18:2w6,9",4416983968,
G_P8c,GLFA,P8,c,A,Armillaria gallica,C19:0,12932029688,
G_P8c,GLFA,P8,c,A,Armillaria gallica,C14:0,258829620,
G_P8c,GLFA,P8,c,A,Armillaria gallica,C15:0,204654363,
G_P8c,GLFA,P8,c,A,Armillaria gallica,C16:0,5198244021,
G_P8c,GLFA,P8,c,A,Armillaria gallica,C16:1w7,93123546,
G_P8c,GLFA,P8,c,A,Armillaria gallica,C17:0,117783938,
G_P8c,GLFA,P8,c,A,Armillaria gallica,C18:0,22180838914,
G_P8c,GLFA,P8,c,A,Armillaria gallica,C18:1w9cis,1627431711,
G_P8c,GLFA,P8,c,A,Armillaria gallica,C18:1w9trans,49474539,
G_P8c,GLFA,P8,c,A,Armillaria gallica,"C18:2w6,9",17268405895,
G_P9a,GLFA,P9,a,A,Psilocybe cyanescens,C19:0,6451430032,
G_P9a,GLFA,P9,a,A,Psilocybe cyanescens,10Me17:0,179580266,
G_P9a,GLFA,P9,a,A,Psilocybe cyanescens,10Me18:0,92914816,
G_P9a,GLFA,P9,a,A,Psilocybe cyanescens,C14:0,314390147,
G_P9a,GLFA,P9,a,A,Psilocybe cyanescens,C14:0i,251434479,
G_P9a,GLFA,P9,a,A,Psilocybe cyanescens,C15:0,1629296990,
G_P9a,GLFA,P9,a,A,Psilocybe cyanescens,C15:0i,1230644908,
G_P9a,GLFA,P9,a,A,Psilocybe cyanescens,C15:1w5,131472597,
G_P9a,GLFA,P9,a,A,Psilocybe cyanescens,C16:0,7329150711,
G_P9a,GLFA,P9,a,A,Psilocybe cyanescens,C16:0i,3030234324,
G_P9a,GLFA,P9,a,A,Psilocybe cyanescens,C16:1w7,186539517,
G_P9a,GLFA,P9,a,A,Psilocybe cyanescens,C17:0,3573398373,
G_P9a,GLFA,P9,a,A,Psilocybe cyanescens,C17:0_Me,81332914,
G_P9a,GLFA,P9,a,A,Psilocybe cyanescens,C17:0a,268622284,
G_P9a,GLFA,P9,a,A,Psilocybe cyanescens,C17:0i,1261238646,
G_P9a,GLFA,P9,a,A,Psilocybe cyanescens,C17:1w8,614232536,
G_P9a,GLFA,P9,a,A,Psilocybe cyanescens,C18:0,17053133815,
G_P9a,GLFA,P9,a,A,Psilocybe cyanescens,C18:0i,250767959,
G_P9a,GLFA,P9,a,A,Psilocybe cyanescens,C18:1w9cis,875133283,
G_P9a,GLFA,P9,a,A,Psilocybe cyanescens,C18:1w9trans,181729719,
G_P9a,GLFA,P9,a,A,Psilocybe cyanescens,"C18:2w6,9",5342550965,
G_P9b,GLFA,P9,b,A,Psilocybe cyanescens,C19:0,10849971024,
G_P9b,GLFA,P9,b,A,Psilocybe cyanescens,10Me17:0,336330133,
G_P9b,GLFA,P9,b,A,Psilocybe cyanescens,10Me18:0,168253762,
G_P9b,GLFA,P9,b,A,Psilocybe cyanescens,C14:0,529940423,
G_P9b,GLFA,P9,b,A,Psilocybe cyanescens,C14:0i,443717707,
G_P9b,GLFA,P9,b,A,Psilocybe cyanescens,C15:0,3569578336,
G_P9b,GLFA,P9,b,A,Psilocybe cyanescens,C15:0i,2278456297,
G_P9b,GLFA,P9,b,A,Psilocybe cyanescens,C15:1w5,193365822,
G_P9b,GLFA,P9,b,A,Psilocybe cyanescens,C16:0,13031814532,
G_P9b,GLFA,P9,b,A,Psilocybe cyanescens,C16:0i,6831387494,
G_P9b,GLFA,P9,b,A,Psilocybe cyanescens,C16:1w6i,80880509,
G_P9b,GLFA,P9,b,A,Psilocybe cyanescens,C16:1w7,295508728,
G_P9b,GLFA,P9,b,A,Psilocybe cyanescens,C17:0,8659342296,
G_P9b,GLFA,P9,b,A,Psilocybe cyanescens,C17:0_Me,124218111,
G_P9b,GLFA,P9,b,A,Psilocybe cyanescens,C17:0a,562853618,
G_P9b,GLFA,P9,b,A,Psilocybe cyanescens,C17:0i,2645002249,
G_P9b,GLFA,P9,b,A,Psilocybe cyanescens,C17:1w8,923569954,
G_P9b,GLFA,P9,b,A,Psilocybe cyanescens,C18:0,26297166102,
G_P9b,GLFA,P9,b,A,Psilocybe cyanescens,C18:1w9cis,1043727393,
G_P9b,GLFA,P9,b,A,Psilocybe cyanescens,C18:1w9trans,245577678,
G_P9b,GLFA,P9,b,A,Psilocybe cyanescens,"C18:2w6,9",7840280634,
G_P9c,GLFA,P9,c,A,Psilocybe cyanescens,C19:0,12021920623,
G_P9c,GLFA,P9,c,A,Psilocybe cyanescens,10Me17:0,721894016,
G_P9c,GLFA,P9,c,A,Psilocybe cyanescens,10Me18:0,273174956,
G_P9c,GLFA,P9,c,A,Psilocybe cyanescens,C14:0,743102930,
G_P9c,GLFA,P9,c,A,Psilocybe cyanescens,C14:0i,642967159,
G_P9c,GLFA,P9,c,A,Psilocybe cyanescens,C15:0,5283588725,
G_P9c,GLFA,P9,c,A,Psilocybe cyanescens,C15:0i,3851268790,
G_P9c,GLFA,P9,c,A,Psilocybe cyanescens,C15:1w5,418343211,
G_P9c,GLFA,P9,c,A,Psilocybe cyanescens,C16:0,18234352402,
G_P9c,GLFA,P9,c,A,Psilocybe cyanescens,C16:0i,9686725738,
G_P9c,GLFA,P9,c,A,Psilocybe cyanescens,C16:1w6i,306695992,
G_P9c,GLFA,P9,c,A,Psilocybe cyanescens,C16:1w7,972272846,
G_P9c,GLFA,P9,c,A,Psilocybe cyanescens,C17:0,12727815273,
G_P9c,GLFA,P9,c,A,Psilocybe cyanescens,C17:0_Me,361337657,
G_P9c,GLFA,P9,c,A,Psilocybe cyanescens,C17:0a,2858003972,
G_P9c,GLFA,P9,c,A,Psilocybe cyanescens,C17:0i,4726326385,
G_P9c,GLFA,P9,c,A,Psilocybe cyanescens,C17:1w8,3896711627,
G_P9c,GLFA,P9,c,A,Psilocybe cyanescens,C18:0,34936151106,
G_P9c,GLFA,P9,c,A,Psilocybe cyanescens,C18:0i,536833766,
G_P9c,GLFA,P9,c,A,Psilocybe cyanescens,C18:1w9cis,2775892318,
G_P9c,GLFA,P9,c,A,Psilocybe cyanescens,C18:1w9trans,279075862,
G_P9c,GLFA,P9,c,A,Psilocybe cyanescens,"C18:2w6,9",8989447841,
g_pc_C_1,GLFA,C,1,B,Chelativorans multitrophicus,C14:0,102215731,
g_pc_C_2,GLFA,C,2,B,Chelativorans multitrophicus,C14:0,81899957,
g_pc_C_3,GLFA,C,3,B,Chelativorans multitrophicus,C14:0,78126209,
g_pc_C_1,GLFA,C,1,B,Chelativorans multitrophicus,C15:0,302663668,
g_pc_C_2,GLFA,C,2,B,Chelativorans multitrophicus,C15:0,292956618,
g_pc_C_3,GLFA,C,3,B,Chelativorans multitrophicus,C15:0,248532200,
g_pc_C_1,GLFA,C,1,B,Chelativorans multitrophicus,C15:0i,262525314,
g_pc_C_2,GLFA,C,2,B,Chelativorans multitrophicus,C15:0i,342180165,
g_pc_C_3,GLFA,C,3,B,Chelativorans multitrophicus,C15:0i,264024437,
g_pc_C_1,GLFA,C,1,B,Chelativorans multitrophicus,C16:0,6064567061,
g_pc_C_2,GLFA,C,2,B,Chelativorans multitrophicus,C16:0,5893778730,
g_pc_C_3,GLFA,C,3,B,Chelativorans multitrophicus,C16:0,5333805185,
g_pc_C_1,GLFA,C,1,B,Chelativorans multitrophicus,C16:1w7,390476719,
g_pc_C_2,GLFA,C,2,B,Chelativorans multitrophicus,C16:1w7,458575852,
g_pc_C_3,GLFA,C,3,B,Chelativorans multitrophicus,C16:1w7,413244284,
g_pc_C_1,GLFA,C,1,B,Chelativorans multitrophicus,C17:0,1626718265,
g_pc_C_2,GLFA,C,2,B,Chelativorans multitrophicus,C17:0,2129116582,
g_pc_C_3,GLFA,C,3,B,Chelativorans multitrophicus,C17:0,1474463295,
g_pc_C_1,GLFA,C,1,B,Chelativorans multitrophicus,C17:0cy,125895416,
g_pc_C_2,GLFA,C,2,B,Chelativorans multitrophicus,C17:0cy,174798480,
g_pc_C_3,GLFA,C,3,B,Chelativorans multitrophicus,C17:0cy,126347553,
g_pc_C_1,GLFA,C,1,B,Chelativorans multitrophicus,C17:0i,607390479,
g_pc_C_2,GLFA,C,2,B,Chelativorans multitrophicus,C17:0i,902319635,
g_pc_C_3,GLFA,C,3,B,Chelativorans multitrophicus,C17:0i,612361188,
g_pc_C_1,GLFA,C,1,B,Chelativorans multitrophicus,C17:1w8,183717545,
g_pc_C_2,GLFA,C,2,B,Chelativorans multitrophicus,C17:1w8,354907062,
g_pc_C_3,GLFA,C,3,B,Chelativorans multitrophicus,C17:1w8,240211253,
g_pc_C_1,GLFA,C,1,B,Chelativorans multitrophicus,C18:0,18980422845,
g_pc_C_2,GLFA,C,2,B,Chelativorans multitrophicus,C18:0,17935540062,
g_pc_C_3,GLFA,C,3,B,Chelativorans multitrophicus,C18:0,20353665667,
g_pc_C_1,GLFA,C,1,B,Chelativorans multitrophicus,C18:1w5,140483035,
g_pc_C_2,GLFA,C,2,B,Chelativorans multitrophicus,C18:1w5,200125716,
g_pc_C_3,GLFA,C,3,B,Chelativorans multitrophicus,C18:1w5,48505520,
g_pc_C_1,GLFA,C,1,B,Chelativorans multitrophicus,C18:1w9cis,100377451,
g_pc_C_2,GLFA,C,2,B,Chelativorans multitrophicus,C18:1w9cis,90928540,
g_pc_C_3,GLFA,C,3,B,Chelativorans multitrophicus,C18:1w9cis,97227676,
g_pc_C_1,GLFA,C,1,B,Chelativorans multitrophicus,C18:1w9trans,4045444420,
g_pc_C_2,GLFA,C,2,B,Chelativorans multitrophicus,C18:1w9trans,5787920912,
g_pc_C_3,GLFA,C,3,B,Chelativorans multitrophicus,C18:1w9trans,3732262514,
g_pc_C_1,GLFA,C,1,B,Chelativorans multitrophicus,C19:0,15716872126,
g_pc_C_2,GLFA,C,2,B,Chelativorans multitrophicus,C19:0,16947986522,
g_pc_C_3,GLFA,C,3,B,Chelativorans multitrophicus,C19:0,15853461723,
g_pc_C_1,GLFA,C,1,B,Chelativorans multitrophicus,C19:1w9,4321131241,
g_pc_C_2,GLFA,C,2,B,Chelativorans multitrophicus,C19:1w9,6986990309,
g_pc_C_3,GLFA,C,3,B,Chelativorans multitrophicus,C19:1w9,4427956138,
n_pc_C_1,NLFA,C,1,B,Chelativorans multitrophicus,C14:0,77985675,
n_pc_C_2,NLFA,C,2,B,Chelativorans multitrophicus,C14:0,82507361,
n_pc_C_3,NLFA,C,3,B,Chelativorans multitrophicus,C14:0,79001462,
n_pc_C_1,NLFA,C,1,B,Chelativorans multitrophicus,C16:0,7891636059,
n_pc_C_2,NLFA,C,2,B,Chelativorans multitrophicus,C16:0,8686222999,
n_pc_C_3,NLFA,C,3,B,Chelativorans multitrophicus,C16:0,8622023034,
n_pc_C_1,NLFA,C,1,B,Chelativorans multitrophicus,C17:0,192123119,
n_pc_C_2,NLFA,C,2,B,Chelativorans multitrophicus,C17:0,225406410,
n_pc_C_3,NLFA,C,3,B,Chelativorans multitrophicus,C17:0,195099123,
n_pc_C_1,NLFA,C,1,B,Chelativorans multitrophicus,C18:0,54139691969,
n_pc_C_2,NLFA,C,2,B,Chelativorans multitrophicus,C18:0,58930132088,
n_pc_C_3,NLFA,C,3,B,Chelativorans multitrophicus,C18:0,60485255440,
n_pc_C_1,NLFA,C,1,B,Chelativorans multitrophicus,C18:1w9cis,77733909,
n_pc_C_3,NLFA,C,3,B,Chelativorans multitrophicus,C18:1w9cis,92082711,
n_pc_C_1,NLFA,C,1,B,Chelativorans multitrophicus,C18:1w9trans,295926975,
n_pc_C_2,NLFA,C,2,B,Chelativorans multitrophicus,C18:1w9trans,399224909,
n_pc_C_3,NLFA,C,3,B,Chelativorans multitrophicus,C18:1w9trans,300187148,
n_pc_C_1,NLFA,C,1,B,Chelativorans multitrophicus,C19:0,15460803717,
n_pc_C_2,NLFA,C,2,B,Chelativorans multitrophicus,C19:0,15441278496,
n_pc_C_3,NLFA,C,3,B,Chelativorans multitrophicus,C19:0,15152418376,
n_pc_C_1,NLFA,C,1,B,Chelativorans multitrophicus,C19:1w9,274813375,
n_pc_C_2,NLFA,C,2,B,Chelativorans multitrophicus,C19:1w9,518630967,
n_pc_C_3,NLFA,C,3,B,Chelativorans multitrophicus,C19:1w9,281313281,
p_pc_C_1_dil,PLFA,C,1,B,Chelativorans multitrophicus,C14:0,37761367,
p_pc_C_2_dil,PLFA,C,2,B,Chelativorans multitrophicus,C14:0,48118880,
p_pc_C_3_dil,PLFA,C,3,B,Chelativorans multitrophicus,C14:0,51749717,
p_pc_C_1_dil,PLFA,C,1,B,Chelativorans multitrophicus,C15:0,190479314,
p_pc_C_2_dil,PLFA,C,2,B,Chelativorans multitrophicus,C15:0,239908190,
p_pc_C_3_dil,PLFA,C,3,B,Chelativorans multitrophicus,C15:0,305078425,
p_pc_C_1_dil,PLFA,C,1,B,Chelativorans multitrophicus,C15:0a,88089286,
p_pc_C_1_dil,PLFA,C,1,B,Chelativorans multitrophicus,C15:0i,110255377,
p_pc_C_2_dil,PLFA,C,2,B,Chelativorans multitrophicus,C15:0i,161564972,
p_pc_C_3_dil,PLFA,C,3,B,Chelativorans multitrophicus,C15:0i,180270750,
p_pc_C_1_dil,PLFA,C,1,B,Chelativorans multitrophicus,C16:0,2536297631,
p_pc_C_2_dil,PLFA,C,2,B,Chelativorans multitrophicus,C16:0,3542237142,
p_pc_C_3_dil,PLFA,C,3,B,Chelativorans multitrophicus,C16:0,3977422611,
p_pc_C_1_dil,PLFA,C,1,B,Chelativorans multitrophicus,C16:1w7,245195454,
p_pc_C_2_dil,PLFA,C,2,B,Chelativorans multitrophicus,C16:1w7,327962721,
p_pc_C_3_dil,PLFA,C,3,B,Chelativorans multitrophicus,C16:1w7,363249360,
p_pc_C_1_dil,PLFA,C,1,B,Chelativorans multitrophicus,C17:0,2791289357,
p_pc_C_2_dil,PLFA,C,2,B,Chelativorans multitrophicus,C17:0,3782762429,
p_pc_C_3_dil,PLFA,C,3,B,Chelativorans multitrophicus,C17:0,4267333224,
p_pc_C_1_dil,PLFA,C,1,B,Chelativorans multitrophicus,C17:0a,40141923,
p_pc_C_3_dil,PLFA,C,3,B,Chelativorans multitrophicus,C17:0a,46799670,
p_pc_C_1_dil,PLFA,C,1,B,Chelativorans multitrophicus,C17:0cy,810544574,
p_pc_C_2_dil,PLFA,C,2,B,Chelativorans multitrophicus,C17:0cy,1059803088,
p_pc_C_3_dil,PLFA,C,3,B,Chelativorans multitrophicus,C17:0cy,1151153184,
p_pc_C_1_dil,PLFA,C,1,B,Chelativorans multitrophicus,C17:0i,787926536,
p_pc_C_2_dil,PLFA,C,2,B,Chelativorans multitrophicus,C17:0i,1116152857,
p_pc_C_3_dil,PLFA,C,3,B,Chelativorans multitrophicus,C17:0i,1238962279,
p_pc_C_1_dil,PLFA,C,1,B,Chelativorans multitrophicus,C17:1w8,441705895,
p_pc_C_2_dil,PLFA,C,2,B,Chelativorans multitrophicus,C17:1w8,532947753,
p_pc_C_3_dil,PLFA,C,3,B,Chelativorans multitrophicus,C17:1w8,598566448,
p_pc_C_1_dil,PLFA,C,1,B,Chelativorans multitrophicus,C18:0,5081528537,
p_pc_C_2_dil,PLFA,C,2,B,Chelativorans multitrophicus,C18:0,7283914887,
p_pc_C_3_dil,PLFA,C,3,B,Chelativorans multitrophicus,C18:0,8600011795,
p_pc_C_1_dil,PLFA,C,1,B,Chelativorans multitrophicus,C18:1w5,736390033,
p_pc_C_2_dil,PLFA,C,2,B,Chelativorans multitrophicus,C18:1w5,415474756,
p_pc_C_3_dil,PLFA,C,3,B,Chelativorans multitrophicus,C18:1w5,428694387,
p_pc_C_1_dil,PLFA,C,1,B,Chelativorans multitrophicus,C18:1w7,1558464910,
p_pc_C_2_dil,PLFA,C,2,B,Chelativorans multitrophicus,C18:1w7,2226953401,
p_pc_C_3_dil,PLFA,C,3,B,Chelativorans multitrophicus,C18:1w7,2461621891,
p_pc_C_1_dil,PLFA,C,1,B,Chelativorans multitrophicus,C18:1w9cis,49124276,
p_pc_C_2_dil,PLFA,C,2,B,Chelativorans multitrophicus,C18:1w9cis,58351798,
p_pc_C_3_dil,PLFA,C,3,B,Chelativorans multitrophicus,C18:1w9cis,63961022,
p_pc_C_1_dil,PLFA,C,1,B,Chelativorans multitrophicus,C18:1w9trans,13239768726,
p_pc_C_2_dil,PLFA,C,2,B,Chelativorans multitrophicus,C18:1w9trans,18723983409,
p_pc_C_3_dil,PLFA,C,3,B,Chelativorans multitrophicus,C18:1w9trans,20773768812,
p_pc_C_1_dil,PLFA,C,1,B,Chelativorans multitrophicus,C19:0,4529844330,
p_pc_C_2_dil,PLFA,C,2,B,Chelativorans multitrophicus,C19:0,4590791075,
p_pc_C_3_dil,PLFA,C,3,B,Chelativorans multitrophicus,C19:0,5078318198,
p_pc_C_1_dil,PLFA,C,1,B,Chelativorans multitrophicus,C19:1w9,75309483776,
g_pc_B_1,GLFA,B,1,B,Paraburkholderia xenovorans,C16:0,2426791797,
g_pc_B_2,GLFA,B,2,B,Paraburkholderia xenovorans,C16:0,2369902594,
g_pc_B_3,GLFA,B,3,B,Paraburkholderia xenovorans,C16:0,2227766146,
g_pc_B_2,GLFA,B,2,B,Paraburkholderia xenovorans,C17:0,62667534,
g_pc_B_1,GLFA,B,1,B,Paraburkholderia xenovorans,C18:0,15891105219,
g_pc_B_2,GLFA,B,2,B,Paraburkholderia xenovorans,C18:0,16081101665,
g_pc_B_3,GLFA,B,3,B,Paraburkholderia xenovorans,C18:0,15696784542,
g_pc_B_1,GLFA,B,1,B,Paraburkholderia xenovorans,C18:1w9cis,118679050,
g_pc_B_2,GLFA,B,2,B,Paraburkholderia xenovorans,C18:1w9cis,103264890,
g_pc_B_3,GLFA,B,3,B,Paraburkholderia xenovorans,C18:1w9cis,99279834,
g_pc_B_2,GLFA,B,2,B,Paraburkholderia xenovorans,C18:1w9trans,57103053,
g_pc_B_1,GLFA,B,1,B,Paraburkholderia xenovorans,"C18:2w6,9",180444907,
g_pc_B_2,GLFA,B,2,B,Paraburkholderia xenovorans,"C18:2w6,9",169173484,
g_pc_B_3,GLFA,B,3,B,Paraburkholderia xenovorans,"C18:2w6,9",117721319,
g_pc_B_1,GLFA,B,1,B,Paraburkholderia xenovorans,C19:0,13478174550,
g_pc_B_2,GLFA,B,2,B,Paraburkholderia xenovorans,C19:0,13209422726,
g_pc_B_3,GLFA,B,3,B,Paraburkholderia xenovorans,C19:0,13939935043,
n_pc_B_1,NLFA,B,1,B,Paraburkholderia xenovorans,C14:0,144955142,
n_pc_B_2,NLFA,B,2,B,Paraburkholderia xenovorans,C14:0,109055199,
n_pc_B_3,NLFA,B,3,B,Paraburkholderia xenovorans,C14:0,91896131,
n_pc_B_2,NLFA,B,2,B,Paraburkholderia xenovorans,C15:0,33184997,
n_pc_B_1,NLFA,B,1,B,Paraburkholderia xenovorans,C16:0,10624881264,
n_pc_B_2,NLFA,B,2,B,Paraburkholderia xenovorans,C16:0,9591709059,
n_pc_B_3,NLFA,B,3,B,Paraburkholderia xenovorans,C16:0,8916751247,
n_pc_B_1,NLFA,B,1,B,Paraburkholderia xenovorans,C17:0,211339382,
n_pc_B_2,NLFA,B,2,B,Paraburkholderia xenovorans,C17:0,190222882,
n_pc_B_3,NLFA,B,3,B,Paraburkholderia xenovorans,C17:0,173212487,
n_pc_B_1,NLFA,B,1,B,Paraburkholderia xenovorans,C18:0,63515657522,
n_pc_B_2,NLFA,B,2,B,Paraburkholderia xenovorans,C18:0,60205040178,
n_pc_B_3,NLFA,B,3,B,Paraburkholderia xenovorans,C18:0,58801905370,
n_pc_B_1,NLFA,B,1,B,Paraburkholderia xenovorans,C18:1w9cis,701751010,
n_pc_B_2,NLFA,B,2,B,Paraburkholderia xenovorans,C18:1w9cis,634100222,
n_pc_B_3,NLFA,B,3,B,Paraburkholderia xenovorans,C18:1w9cis,575154033,
n_pc_B_1,NLFA,B,1,B,Paraburkholderia xenovorans,C18:1w9trans,197449943,
n_pc_B_1,NLFA,B,1,B,Paraburkholderia xenovorans,"C18:2w6,9",646126926,
n_pc_B_2,NLFA,B,2,B,Paraburkholderia xenovorans,"C18:2w6,9",599683507,
n_pc_B_3,NLFA,B,3,B,Paraburkholderia xenovorans,"C18:2w6,9",319818398,
n_pc_B_1,NLFA,B,1,B,Paraburkholderia xenovorans,C19:0,17625713177,
n_pc_B_2,NLFA,B,2,B,Paraburkholderia xenovorans,C19:0,16498139777,
n_pc_B_3,NLFA,B,3,B,Paraburkholderia xenovorans,C19:0,16980805818,
p_pc_B_1,PLFA,B,1,B,Paraburkholderia xenovorans,C14:0,219413363,
p_pc_B_2,PLFA,B,2,B,Paraburkholderia xenovorans,C14:0,132911134,
p_pc_B_3,PLFA,B,3,B,Paraburkholderia xenovorans,C14:0,41273015,
p_pc_B_1,PLFA,B,1,B,Paraburkholderia xenovorans,C14:0_3-OH,74896114,
p_pc_B_1,PLFA,B,1,B,Paraburkholderia xenovorans,C15:0,176326625,
p_pc_B_2,PLFA,B,2,B,Paraburkholderia xenovorans,C15:0,113013320,
p_pc_B_1,PLFA,B,1,B,Paraburkholderia xenovorans,C15:0a,50889818,
p_pc_B_1,PLFA,B,1,B,Paraburkholderia xenovorans,C15:1w5,163307876,
p_pc_B_2,PLFA,B,2,B,Paraburkholderia xenovorans,C15:1w5,84391559,
p_pc_B_1,PLFA,B,1,B,Paraburkholderia xenovorans,C16:0,24536536153,
p_pc_B_2,PLFA,B,2,B,Paraburkholderia xenovorans,C16:0,10896892494,
p_pc_B_3,PLFA,B,3,B,Paraburkholderia xenovorans,C16:0,4263362415,
p_pc_B_1,PLFA,B,1,B,Paraburkholderia xenovorans,C16:0_2-OH,842675804,
p_pc_B_2,PLFA,B,2,B,Paraburkholderia xenovorans,C16:0_2-OH,341949764,
p_pc_B_3,PLFA,B,3,B,Paraburkholderia xenovorans,C16:0_2-OH,149517882,
p_pc_B_1,PLFA,B,1,B,Paraburkholderia xenovorans,C16:1w7,10121862690,
p_pc_B_2,PLFA,B,2,B,Paraburkholderia xenovorans,C16:1w7,4440307737,
p_pc_B_3,PLFA,B,3,B,Paraburkholderia xenovorans,C16:1w7,1930179233,
p_pc_B_1,PLFA,B,1,B,Paraburkholderia xenovorans,C17:0,784925241,
p_pc_B_2,PLFA,B,2,B,Paraburkholderia xenovorans,C17:0,350770298,
p_pc_B_3,PLFA,B,3,B,Paraburkholderia xenovorans,C17:0,201646110,
p_pc_B_1,PLFA,B,1,B,Paraburkholderia xenovorans,C17:0cy,14400084138,
p_pc_B_2,PLFA,B,2,B,Paraburkholderia xenovorans,C17:0cy,7507740410,
p_pc_B_3,PLFA,B,3,B,Paraburkholderia xenovorans,C17:0cy,2296602724,
p_pc_B_1,PLFA,B,1,B,Paraburkholderia xenovorans,C17:1w7,47424888,
p_pc_B_1,PLFA,B,1,B,Paraburkholderia xenovorans,C18:0,5032507904,
p_pc_B_2,PLFA,B,2,B,Paraburkholderia xenovorans,C18:0,2594685720,
p_pc_B_3,PLFA,B,3,B,Paraburkholderia xenovorans,C18:0,2297347032,
p_pc_B_1,PLFA,B,1,B,Paraburkholderia xenovorans,C18:1w5,64688919,
p_pc_B_2,PLFA,B,2,B,Paraburkholderia xenovorans,C18:1w7,302605010,
p_pc_B_1,PLFA,B,1,B,Paraburkholderia xenovorans,C18:1w9cis,84883902,
p_pc_B_2,PLFA,B,2,B,Paraburkholderia xenovorans,C18:1w9cis,62561522,
p_pc_B_1,PLFA,B,1,B,Paraburkholderia xenovorans,C18:1w9trans,18446109603,
p_pc_B_2,PLFA,B,2,B,Paraburkholderia xenovorans,C18:1w9trans,6847546827,
p_pc_B_3,PLFA,B,3,B,Paraburkholderia xenovorans,C18:1w9trans,2871964159,
p_pc_B_1,PLFA,B,1,B,Paraburkholderia xenovorans,"C18:2w6,9",103931344,
p_pc_B_2,PLFA,B,2,B,Paraburkholderia xenovorans,"C18:2w6,9",99482837,
p_pc_B_3,PLFA,B,3,B,Paraburkholderia xenovorans,"C18:2w6,9",54047774,
p_pc_B_1,PLFA,B,1,B,Paraburkholderia xenovorans,C19:0,16480226011,
p_pc_B_2,PLFA,B,2,B,Paraburkholderia xenovorans,C19:0,10035944757,
p_pc_B_3,PLFA,B,3,B,Paraburkholderia xenovorans,C19:0,10080036001,
p_pc_B_1,PLFA,B,1,B,Paraburkholderia xenovorans,C19:1w9,5915871937,
p_pc_B_2,PLFA,B,2,B,Paraburkholderia xenovorans,C19:1w9,3280096544,
p_pc_B_3,PLFA,B,3,B,Paraburkholderia xenovorans,C19:1w9,989383150,
g_AMF,GLFA,AMF,,B,Rhizophagus irregularis,C14:0,1721.8,
g_AMF,GLFA,AMF,,B,Rhizophagus irregularis,C15:0,1822.6,
g_AMF,GLFA,AMF,,B,Rhizophagus irregularis,C16:0,1925.2,
g_AMF,GLFA,AMF,,B,Rhizophagus irregularis,C16:1w5,1912.7,
g_AMF,GLFA,AMF,,B,Rhizophagus irregularis,C17:0,2025.4,
g_AMF,GLFA,AMF,,B,Rhizophagus irregularis,C18:0,2123.5,
g_AMF,GLFA,AMF,,B,Rhizophagus irregularis,C18:1w5,2113,
g_AMF,GLFA,AMF,,B,Rhizophagus irregularis,C18:1w9cis,2097.9,
g_AMF,GLFA,AMF,,B,Rhizophagus irregularis,C18:1w9trans,2103.2,
g_AMF,GLFA,AMF,,B,Rhizophagus irregularis,"C18:2w6,9",2091.2,
g_AMF,GLFA,AMF,,B,Rhizophagus irregularis,"C18:3w6,9,12",2074.9,
g_AMF,GLFA,AMF,,B,Rhizophagus irregularis,C19:0,2223.3,
n_AMF_dil:2,NLFA,AMF,,B,Rhizophagus irregularis,C14:0,356048950,
n_AMF_dil:2,NLFA,AMF,,B,Rhizophagus irregularis,C14:1w5,187046335,
n_AMF_dil:2,NLFA,AMF,,B,Rhizophagus irregularis,C15:0,656602492,
n_AMF_dil:2,NLFA,AMF,,B,Rhizophagus irregularis,C16:0,53038274249,
n_AMF_dil:2,NLFA,AMF,,B,Rhizophagus irregularis,C16:1w5,48830527373,
n_AMF_dil:2,NLFA,AMF,,B,Rhizophagus irregularis,C16:1w7,1138562463,
n_AMF_dil:2,NLFA,AMF,,B,Rhizophagus irregularis,C16:1w9,223180453,
n_AMF_dil:2,NLFA,AMF,,B,Rhizophagus irregularis,C17:0,129151687,
n_AMF_dil:2,NLFA,AMF,,B,Rhizophagus irregularis,C17:0cy,243502209,
n_AMF_dil:2,NLFA,AMF,,B,Rhizophagus irregularis,C18:0,28087999025,
n_AMF_dil:2,NLFA,AMF,,B,Rhizophagus irregularis,C18:1w5,9489221286,
n_AMF_dil:2,NLFA,AMF,,B,Rhizophagus irregularis,C18:1w9cis,27505403347,
n_AMF_dil:2,NLFA,AMF,,B,Rhizophagus irregularis,C18:1w9trans,41919343796,
n_AMF_dil:2,NLFA,AMF,,B,Rhizophagus irregularis,"C18:2w6,9",2674696812,
n_AMF_dil:2,NLFA,AMF,,B,Rhizophagus irregularis,"C18:3w6,9,12",4641460205,
n_AMF_dil:2,NLFA,AMF,,B,Rhizophagus irregularis,C19:0,3586403945,
p_AMF,PLFA,AMF,,B,Rhizophagus irregularis,C14:0,49892051,
p_AMF,PLFA,AMF,,B,Rhizophagus irregularis,C15:0,112538700,
p_AMF,PLFA,AMF,,B,Rhizophagus irregularis,C16:0,4840230570,
p_AMF,PLFA,AMF,,B,Rhizophagus irregularis,C16:1w5,16494227144,
p_AMF,PLFA,AMF,,B,Rhizophagus irregularis,C16:1w7,501401129,
p_AMF,PLFA,AMF,,B,Rhizophagus irregularis,C17:0,47366258,
p_AMF,PLFA,AMF,,B,Rhizophagus irregularis,C17:0cy,244072636,
p_AMF,PLFA,AMF,,B,Rhizophagus irregularis,C18:0,3850238094,
p_AMF,PLFA,AMF,,B,Rhizophagus irregularis,C18:1w5,712095807,
p_AMF,PLFA,AMF,,B,Rhizophagus irregularis,C18:1w9cis,7143822273,
p_AMF,PLFA,AMF,,B,Rhizophagus irregularis,C18:1w9trans,12735743999,
p_AMF,PLFA,AMF,,B,Rhizophagus irregularis,"C18:2w6,9",404553994,
p_AMF,PLFA,AMF,,B,Rhizophagus irregularis,"C18:3w6,9,12",280899362,
p_AMF,PLFA,AMF,,B,Rhizophagus irregularis,C19:0,14625916177,
p_AMF,PLFA,AMF,,B,Rhizophagus irregularis,C19:1w9,323366010,
g_pc_D_1,GLFA,D,1,B,Solirubrobacter soli,C16:0,2292557623,
g_pc_D_2,GLFA,D,2,B,Solirubrobacter soli,C16:0,2678615594,
g_pc_D_3,GLFA,D,3,B,Solirubrobacter soli,C16:0,2747486744,
g_pc_D_2,GLFA,D,2,B,Solirubrobacter soli,C17:0,73703727,
g_pc_D_1,GLFA,D,1,B,Solirubrobacter soli,C18:0,16848597268,
g_pc_D_2,GLFA,D,2,B,Solirubrobacter soli,C18:0,18548234776,
g_pc_D_3,GLFA,D,3,B,Solirubrobacter soli,C18:0,19737639778,
g_pc_D_1,GLFA,D,1,B,Solirubrobacter soli,C18:1w9cis,122274911,
g_pc_D_2,GLFA,D,2,B,Solirubrobacter soli,C18:1w9cis,145514517,
g_pc_D_3,GLFA,D,3,B,Solirubrobacter soli,C18:1w9cis,156187906,
g_pc_D_2,GLFA,D,2,B,Solirubrobacter soli,"C18:2w6,9",212422296,
g_pc_D_3,GLFA,D,3,B,Solirubrobacter soli,"C18:2w6,9",204346149,
g_pc_D_1,GLFA,D,1,B,Solirubrobacter soli,C19:0,13731643962,
g_pc_D_2,GLFA,D,2,B,Solirubrobacter soli,C19:0,13348855167,
g_pc_D_3,GLFA,D,3,B,Solirubrobacter soli,C19:0,20040271459,
n_pc_D_1,NLFA,D,1,B,Solirubrobacter soli,C14:0,100004531,
n_pc_D_2,NLFA,D,2,B,Solirubrobacter soli,C14:0,327885178,
n_pc_D_3,NLFA,D,3,B,Solirubrobacter soli,C14:0,87176289,
n_pc_D_2,NLFA,D,2,B,Solirubrobacter soli,C14:0i,260516351,
n_pc_D_3,NLFA,D,3,B,Solirubrobacter soli,C14:0i,109405651,
n_pc_D_1,NLFA,D,1,B,Solirubrobacter soli,C15:0,96101995,
n_pc_D_2,NLFA,D,2,B,Solirubrobacter soli,C15:0,258765513,
n_pc_D_3,NLFA,D,3,B,Solirubrobacter soli,C15:0,48769700,
n_pc_D_1,NLFA,D,1,B,Solirubrobacter soli,C16:0,7826230802,
n_pc_D_2,NLFA,D,2,B,Solirubrobacter soli,C16:0,11581989796,
n_pc_D_3,NLFA,D,3,B,Solirubrobacter soli,C16:0,8708189143,
n_pc_D_1,NLFA,D,1,B,Solirubrobacter soli,C16:0i,1154953543,
n_pc_D_2,NLFA,D,2,B,Solirubrobacter soli,C16:0i,2662086001,
n_pc_D_3,NLFA,D,3,B,Solirubrobacter soli,C16:0i,678255730,
n_pc_D_1,NLFA,D,1,B,Solirubrobacter soli,C16:1w9,76528871,
n_pc_D_2,NLFA,D,2,B,Solirubrobacter soli,C16:1w9,209586219,
n_pc_D_1,NLFA,D,1,B,Solirubrobacter soli,C17:0,307561928,
n_pc_D_2,NLFA,D,2,B,Solirubrobacter soli,C17:0,615654070,
n_pc_D_3,NLFA,D,3,B,Solirubrobacter soli,C17:0,219175448,
n_pc_D_1,NLFA,D,1,B,Solirubrobacter soli,C18:0,55211172863,
n_pc_D_2,NLFA,D,2,B,Solirubrobacter soli,C18:0,69276299378,
n_pc_D_3,NLFA,D,3,B,Solirubrobacter soli,C18:0,60039255801,
n_pc_D_1,NLFA,D,1,B,Solirubrobacter soli,C18:0i,499133038,
n_pc_D_2,NLFA,D,2,B,Solirubrobacter soli,C18:0i,1079149239,
n_pc_D_3,NLFA,D,3,B,Solirubrobacter soli,C18:0i,364408943,
n_pc_D_1,NLFA,D,1,B,Solirubrobacter soli,C18:1w9cis,774941983,
n_pc_D_2,NLFA,D,2,B,Solirubrobacter soli,C18:1w9cis,1432834024,
n_pc_D_3,NLFA,D,3,B,Solirubrobacter soli,C18:1w9cis,363356047,
n_pc_D_1,NLFA,D,1,B,Solirubrobacter soli,C19:0,12672740208,
n_pc_D_2,NLFA,D,2,B,Solirubrobacter soli,C19:0,15501440511,
n_pc_D_3,NLFA,D,3,B,Solirubrobacter soli,C19:0,12515480979,
p_pc_D_1,PLFA,D,1,B,Solirubrobacter soli,C16:0,547325729,
p_pc_D_2,PLFA,D,2,B,Solirubrobacter soli,C16:0,668736954,
p_pc_D_3,PLFA,D,3,B,Solirubrobacter soli,C16:0,441419340,
p_pc_D_1,PLFA,D,1,B,Solirubrobacter soli,C16:0i,4914784469,
p_pc_D_2,PLFA,D,2,B,Solirubrobacter soli,C16:0i,999966808,
p_pc_D_3,PLFA,D,3,B,Solirubrobacter soli,C16:0i,1693395624,
p_pc_D_1,PLFA,D,1,B,Solirubrobacter soli,C16:1w6i,92716227,
p_pc_D_2,PLFA,D,2,B,Solirubrobacter soli,C16:1w6i,57425111,
p_pc_D_1,PLFA,D,1,B,Solirubrobacter soli,C17:0,61240555,
p_pc_D_1,PLFA,D,1,B,Solirubrobacter soli,C17:1w8,125819099,
p_pc_D_2,PLFA,D,2,B,Solirubrobacter soli,C17:1w8,110963712,
p_pc_D_1,PLFA,D,1,B,Solirubrobacter soli,C18:0,2892825085,
p_pc_D_2,PLFA,D,2,B,Solirubrobacter soli,C18:0,3993081122,
p_pc_D_3,PLFA,D,3,B,Solirubrobacter soli,C18:0,2743089447,
p_pc_D_2,PLFA,D,2,B,Solirubrobacter soli,C18:0i,27863781,
p_pc_D_1,PLFA,D,1,B,Solirubrobacter soli,C18:1w9cis,3062420625,
p_pc_D_2,PLFA,D,2,B,Solirubrobacter soli,C18:1w9cis,961910991,
p_pc_D_3,PLFA,D,3,B,Solirubrobacter soli,C18:1w9cis,1163373377,
p_pc_D_1,PLFA,D,1,B,Solirubrobacter soli,C18:1w9trans,155513070,
p_pc_D_1,PLFA,D,1,B,Solirubrobacter soli,C19:0,12596206983,
p_pc_D_2,PLFA,D,2,B,Solirubrobacter soli,C19:0,12463490773,
p_pc_D_3,PLFA,D,3,B,Solirubrobacter soli,C19:0,12482490373,
p_pc_D_1,PLFA,D,1,B,Solirubrobacter soli,C19:1w9,367837709,
g_Blk_1_,GLFA,Blk,1,B,,C16:0,1813430624,
g_Blk_2_,GLFA,Blk,2,B,,C16:0,1841551230,
g_Blk_3_,GLFA,Blk,3,B,,C16:0,1881479377,
g_Blk_1_,GLFA,Blk,1,B,,C18:0,13203820270,
g_Blk_2_,GLFA,Blk,2,B,,C18:0,13148997640,
g_Blk_3_,GLFA,Blk,3,B,,C18:0,13608056635,
g_Blk_1_,GLFA,Blk,1,B,,C18:1w9cis,83833393,
g_Blk_2_,GLFA,Blk,2,B,,C18:1w9cis,88802261,
g_Blk_3_,GLFA,Blk,3,B,,C18:1w9cis,82028583,
g_Blk_1_,GLFA,Blk,1,B,,C19:0,12762733766,
g_Blk_2_,GLFA,Blk,2,B,,C19:0,13400738953,
g_Blk_3_,GLFA,Blk,3,B,,C19:0,13012606202,
n_Blk_1,NLFA,Blk,1,B,,C14:0,175443314,
n_Blk_2,NLFA,Blk,2,B,,C14:0,200545690,
n_Blk_3,NLFA,Blk,3,B,,C14:0,145207304,
n_Blk_1,NLFA,Blk,1,B,,C15:0,32493756,
n_Blk_2,NLFA,Blk,2,B,,C15:0,73942362,
n_Blk_3,NLFA,Blk,3,B,,C15:0,51590815,
n_Blk_1,NLFA,Blk,1,B,,C16:0,12534372246,
n_Blk_2,NLFA,Blk,2,B,,C16:0,15242164737,
n_Blk_3,NLFA,Blk,3,B,,C16:0,12831295943,
n_Blk_1,NLFA,Blk,1,B,,C17:0,232101774,
n_Blk_2,NLFA,Blk,2,B,,C17:0,269844012,
n_Blk_3,NLFA,Blk,3,B,,C17:0,236906946,
n_Blk_2,NLFA,Blk,2,B,,C18:0,81015491238,
n_Blk_1,NLFA,Blk,1,B,,C18:1w9cis,290662453,
n_Blk_2,NLFA,Blk,2,B,,C18:1w9cis,294055708,
n_Blk_3,NLFA,Blk,3,B,,C18:1w9cis,286440824,
n_Blk_1,NLFA,Blk,1,B,,"C18:2w6,9",105818900,
n_Blk_1,NLFA,Blk,1,B,,C19:0,16592525673,
n_Blk_2,NLFA,Blk,2,B,,C19:0,21470070981,
n_Blk_3,NLFA,Blk,3,B,,C19:0,16634985597,
p_Blk_1,PLFA,Blk,1,B,,C16:0,353573751,
p_Blk_2,PLFA,Blk,2,B,,C16:0,361493623,
p_Blk_3,PLFA,Blk,3,B,,C16:0,346970322,
p_Blk_1,PLFA,Blk,1,B,,C18:0,2160466919,
p_Blk_2,PLFA,Blk,2,B,,C18:0,2256313636,
p_Blk_3,PLFA,Blk,3,B,,C18:0,2116483741,
p_Blk_1,PLFA,Blk,1,B,,C19:0,11893335551,
p_Blk_2,PLFA,Blk,2,B,,C19:0,12918318571,
p_Blk_3,PLFA,Blk,3,B,,C19:0,11840839585,
P_blk1,PLFA,Blk,a,A,,C19:0,2699023131,
P_blk1,PLFA,Blk,a,A,,C16:0,169036246,
P_blk1,PLFA,Blk,a,A,,C18:0,1125002913,
P_blk2,PLFA,Blk,b,A,,C19:0,5376526540,
P_blk2,PLFA,Blk,b,A,,C16:0,234154370,
P_blk2,PLFA,Blk,b,A,,C18:0,1823063013,
P_blk2,PLFA,Blk,b,A,,C18:1w9cis,22671942,
P_blk3,PLFA,Blk,c,A,,C19:0,5465081046,
P_blk3,PLFA,Blk,c,A,,C16:0,255269552,
P_blk3,PLFA,Blk,c,A,,C18:0,1976357359,
P_blk3,PLFA,Blk,c,A,,C18:1w9cis,24318156,
N_Blk1,NLFA,Blk,a,A,,C19:0,31595240120,
N_Blk1,NLFA,Blk,a,A,,C14:0,188998675,
N_Blk1,NLFA,Blk,a,A,,C15:0,118043306,
N_Blk1,NLFA,Blk,a,A,,C16:0,21156186936,
N_Blk1,NLFA,Blk,a,A,,C17:0,581069394,
N_Blk1,NLFA,Blk,a,A,,C18:0,102613117955,
N_Blk1,NLFA,Blk,a,A,,C18:1w9cis,1650622797,
N_Blk1,NLFA,Blk,a,A,,C18:1w9trans,90994428,
N_Blk1,NLFA,Blk,a,A,,"C18:2w6,9",195887531,
N_Blk2,NLFA,Blk,b,A,,C19:0,37618468997,
N_Blk2,NLFA,Blk,b,A,,C14:0,533194911,
N_Blk2,NLFA,Blk,b,A,,C15:0,147500564,
N_Blk2,NLFA,Blk,b,A,,C16:0,24756662502,
N_Blk2,NLFA,Blk,b,A,,C17:0,628564820,
N_Blk2,NLFA,Blk,b,A,,C18:0,111168434600,
N_Blk2,NLFA,Blk,b,A,,C18:1w9cis,1942098314,
N_Blk2,NLFA,Blk,b,A,,C18:1w9trans,47818406,
N_Blk2,NLFA,Blk,b,A,,"C18:2w6,9",200609778,
N_Blk3,NLFA,Blk,c,A,,C19:0,36174918171,
N_Blk3,NLFA,Blk,c,A,,C14:0,225731766,
N_Blk3,NLFA,Blk,c,A,,C15:0,140443950,
N_Blk3,NLFA,Blk,c,A,,C16:0,24148599818,
N_Blk3,NLFA,Blk,c,A,,C17:0,619128577,
N_Blk3,NLFA,Blk,c,A,,C18:0,110965029835,
N_Blk3,NLFA,Blk,c,A,,C18:1w7,52464369,
N_Blk3,NLFA,Blk,c,A,,C18:1w9cis,2089186223,
N_Blk3,NLFA,Blk,c,A,,C18:1w9trans,109331670,
N_Blk3,NLFA,Blk,c,A,,"C18:2w6,9",382457337,
G_Blk1:2,GLFA,Blk,a,A,,C19:0,14358116910,
G_Blk1:2,GLFA,Blk,a,A,,C14:0,61806765,
G_Blk1:2,GLFA,Blk,a,A,,C16:0,2481884676,
G_Blk1:2,GLFA,Blk,a,A,,C17:0,78135848,
G_Blk1:2,GLFA,Blk,a,A,,C18:0,23018898104,
G_Blk1:2,GLFA,Blk,a,A,,C18:1w9cis,64834837,
G_Blk2,GLFA,Blk,b,A,,C19:0,13183123755,
G_Blk2,GLFA,Blk,b,A,,C14:0,46772044,
G_Blk2,GLFA,Blk,b,A,,C16:0,2393065721,
G_Blk2,GLFA,Blk,b,A,,C17:0,74392998,
G_Blk2,GLFA,Blk,b,A,,C18:0,21783793192,
G_Blk2,GLFA,Blk,b,A,,C18:1w9cis,61710465,
G_Blk3,GLFA,Blk,c,A,,C19:0,12722893053,
G_Blk3,GLFA,Blk,c,A,,C14:0,52666756,
G_Blk3,GLFA,Blk,c,A,,C16:0,2193156897,
G_Blk3,GLFA,Blk,c,A,,C17:0,74664297,
G_Blk3,GLFA,Blk,c,A,,C18:0,20037348684,
G_Blk3,GLFA,Blk,c,A,,C18:1w9cis,58226081,
