id,treatment,type,fraction,rep,test,lipid,area,info
1_f1_a,old,sample,1,a,first,C14:0,13504175653,"* two experiments were done, which are grouped in column ‘test’:"
1_f1_a,old,sample,1,a,first,C15:0,15288467129,* FIRST TEST:
1_f1_a,old,sample,1,a,first,C16:0,1768089914,* consisted of the three eluent treatments (see Table 1 in paper) of
1_f1_a,old,sample,1,a,first,C17:0,50429178,* - classical eluents (“old”)
1_f1_a,old,sample,1,a,first,C18:2,33773740,* - adjusted eluents (“with_ethanol”)
1_f1_a,old,sample,1,a,first,C18:3,211739568,* - acetone
1_f1_a,old,sample,1,a,first,DHC,1326306691,* The only difference to Table 1 is that the adjusted eluent volume for PL was 0.5 ml
1_f1_a,old,sample,1,a,first,Ergosterol,1078045792,* SECOND TEST
1_f1_b,old,sample,1,b,first,C14:0,10522652368,* only adjusted eluents used
1_f1_b,old,sample,1,b,first,C15:0,12315485448,* eluent volume for PL was changed to 1 ml (as shown in Table 1)
1_f1_b,old,sample,1,b,first,C16:0,2211988328,
1_f1_b,old,sample,1,b,first,C17:0,61576000,"* External standards were not fractionated on silica SPE, and are used to calculate % recovery"
1_f1_b,old,sample,1,b,first,C18:2,36619894,
1_f1_b,old,sample,1,b,first,C18:3,209807354,
1_f1_b,old,sample,1,b,first,DHC,1763917026,
1_f1_b,old,sample,1,b,first,Ergosterol,1405856539,
1_f1_c,old,sample,1,c,first,C14:0,10010185670,
1_f1_c,old,sample,1,c,first,C15:0,11783008386,
1_f1_c,old,sample,1,c,first,C16:0,1681146158,
1_f1_c,old,sample,1,c,first,C17:0,38970792,
1_f1_c,old,sample,1,c,first,C18:2,25815982,
1_f1_c,old,sample,1,c,first,C18:3,170243863,
1_f1_c,old,sample,1,c,first,DHC,1465252716,
1_f1_c,old,sample,1,c,first,Ergosterol,1135445096,
1_f2_a,old,sample,2,a,first,C14:0,5469293373,
1_f2_a,old,sample,2,a,first,C15:0,4222220728,
1_f2_a,old,sample,2,a,first,C16:0,15388961729,
1_f2_a,old,sample,2,a,first,C16:1,243364245,
1_f2_a,old,sample,2,a,first,C16:3,6598343309,
1_f2_a,old,sample,2,a,first,C17:0,303882925,
1_f2_a,old,sample,2,a,first,C18:2,560111698,
1_f2_a,old,sample,2,a,first,C18:3,10276600888,
1_f2_a,old,sample,2,a,first,C19:0,90001112,
1_f2_a,old,sample,2,a,first,DHC,3100577976,
1_f2_a,old,sample,2,a,first,Ergosterol,2562528357,
1_f2_b,old,sample,2,b,first,C14:0,8682289554,
1_f2_b,old,sample,2,b,first,C15:0,7693701214,
1_f2_b,old,sample,2,b,first,C16:0,16492378169,
1_f2_b,old,sample,2,b,first,C16:1,230031977,
1_f2_b,old,sample,2,b,first,C16:3,6237127383,
1_f2_b,old,sample,2,b,first,C17:0,310777441,
1_f2_b,old,sample,2,b,first,C18:2,528447002,
1_f2_b,old,sample,2,b,first,C18:3,9544690050,
1_f2_b,old,sample,2,b,first,C19:0,92585285,
1_f2_b,old,sample,2,b,first,DHC,2723849198,
1_f2_b,old,sample,2,b,first,Ergosterol,2236966835,
1_f2_c,old,sample,2,c,first,C14:0,6020857509,
1_f2_c,old,sample,2,c,first,C15:0,4930632167,
1_f2_c,old,sample,2,c,first,C16:0,14792319585,
1_f2_c,old,sample,2,c,first,C16:1,205942431,
1_f2_c,old,sample,2,c,first,C16:3,5520113734,
1_f2_c,old,sample,2,c,first,C17:0,287397201,
1_f2_c,old,sample,2,c,first,C18:2,479633771,
1_f2_c,old,sample,2,c,first,C18:3,8617818667,
1_f2_c,old,sample,2,c,first,C19:0,95216612,
1_f2_c,old,sample,2,c,first,DHC,2362514660,
1_f2_c,old,sample,2,c,first,Ergosterol,1935352179,
1_f3_a,old,sample,3,a,first,C14:0,21113742,
1_f3_a,old,sample,3,a,first,C15:0,41157182,
1_f3_a,old,sample,3,a,first,C16:0,16136815990,
1_f3_a,old,sample,3,a,first,C16:1,9889992,
1_f3_a,old,sample,3,a,first,C16:3,211997956,
1_f3_a,old,sample,3,a,first,C17:0,4464574863,
1_f3_a,old,sample,3,a,first,C18:2,65801047,
1_f3_a,old,sample,3,a,first,C18:3,423709499,
1_f3_a,old,sample,3,a,first,C19:0,10038711407,
1_f3_b,old,sample,3,b,first,C14:0,22113693,
1_f3_b,old,sample,3,b,first,C15:0,43603157,
1_f3_b,old,sample,3,b,first,C16:0,15194458965,
1_f3_b,old,sample,3,b,first,C16:1,8077064,
1_f3_b,old,sample,3,b,first,C16:3,190551299,
1_f3_b,old,sample,3,b,first,C17:0,4024079275,
1_f3_b,old,sample,3,b,first,C18:2,58791773,
1_f3_b,old,sample,3,b,first,C18:3,358177029,
1_f3_b,old,sample,3,b,first,C19:0,9408923384,
1_f3_c,old,sample,3,c,first,C14:0,16962191,
1_f3_c,old,sample,3,c,first,C15:0,32016616,
1_f3_c,old,sample,3,c,first,C16:0,13833336632,
1_f3_c,old,sample,3,c,first,C16:1,8640463,
1_f3_c,old,sample,3,c,first,C16:3,181703110,
1_f3_c,old,sample,3,c,first,C17:0,3761006240,
1_f3_c,old,sample,3,c,first,C18:2,63051205,
1_f3_c,old,sample,3,c,first,C18:3,349114495,
1_f3_c,old,sample,3,c,first,C19:0,8224715359,
2_f1_a,with_ethanol,sample,1,a,first,C14:0,19267114373,
2_f1_a,with_ethanol,sample,1,a,first,C15:0,20230461970,
2_f1_a,with_ethanol,sample,1,a,first,C16:0,16782008609,
2_f1_a,with_ethanol,sample,1,a,first,C16:3,171507781,
2_f1_a,with_ethanol,sample,1,a,first,C17:0,393400678,
2_f1_a,with_ethanol,sample,1,a,first,C18:2,87223604,
2_f1_a,with_ethanol,sample,1,a,first,C18:3,616679326,
2_f1_a,with_ethanol,sample,1,a,first,C19:0,233955121,
2_f1_a,with_ethanol,sample,1,a,first,DHC,5041096634,
2_f1_a,with_ethanol,sample,1,a,first,Ergosterol,4216287285,
2_f1_b,with_ethanol,sample,1,b,first,C14:0,16627798067,
2_f1_b,with_ethanol,sample,1,b,first,C15:0,17557934600,
2_f1_b,with_ethanol,sample,1,b,first,C16:0,14587659561,
2_f1_b,with_ethanol,sample,1,b,first,C17:0,337280987,
2_f1_b,with_ethanol,sample,1,b,first,C18:2,71205602,
2_f1_b,with_ethanol,sample,1,b,first,C18:3,423233448,
2_f1_b,with_ethanol,sample,1,b,first,C19:0,202873062,
2_f1_b,with_ethanol,sample,1,b,first,DHC,4097885881,
2_f1_b,with_ethanol,sample,1,b,first,Ergosterol,3392998912,
2_f2_a,with_ethanol,sample,2,a,first,C14:0,90752229,
2_f2_a,with_ethanol,sample,2,a,first,C15:0,82420941,
2_f2_a,with_ethanol,sample,2,a,first,C16:0,2631989730,
2_f2_a,with_ethanol,sample,2,a,first,C16:1,231998935,
2_f2_a,with_ethanol,sample,2,a,first,C16:3,6185202211,
2_f2_a,with_ethanol,sample,2,a,first,C17:0,71251581,
2_f2_a,with_ethanol,sample,2,a,first,C18:2,497456595,
2_f2_a,with_ethanol,sample,2,a,first,C18:3,9821686325,
2_f2_a,with_ethanol,sample,2,a,first,C19:0,81145140,
2_f2_b,with_ethanol,sample,2,b,first,C14:0,77668081,
2_f2_b,with_ethanol,sample,2,b,first,C15:0,79080584,
2_f2_b,with_ethanol,sample,2,b,first,C16:0,2613313322,
2_f2_b,with_ethanol,sample,2,b,first,C16:1,218440482,
2_f2_b,with_ethanol,sample,2,b,first,C16:3,5851762246,
2_f2_b,with_ethanol,sample,2,b,first,C17:0,64603960,
2_f2_b,with_ethanol,sample,2,b,first,C18:2,477764000,
2_f2_b,with_ethanol,sample,2,b,first,C18:3,9372469089,
2_f2_b,with_ethanol,sample,2,b,first,C19:0,54918471,
2_f3_a,with_ethanol,sample,3,a,first,C14:0,18075679,
2_f3_a,with_ethanol,sample,3,a,first,C15:0,32366561,
2_f3_a,with_ethanol,sample,3,a,first,C16:0,15877590116,
2_f3_a,with_ethanol,sample,3,a,first,C16:1,9851854,
2_f3_a,with_ethanol,sample,3,a,first,C16:3,212801697,
2_f3_a,with_ethanol,sample,3,a,first,C17:0,4227367452,
2_f3_a,with_ethanol,sample,3,a,first,C18:2,67243113,
2_f3_a,with_ethanol,sample,3,a,first,C18:3,429755389,
2_f3_a,with_ethanol,sample,3,a,first,C19:0,9866809454,
2_f3_b,with_ethanol,sample,3,b,first,C14:0,14899895,
2_f3_b,with_ethanol,sample,3,b,first,C15:0,27618930,
2_f3_b,with_ethanol,sample,3,b,first,C16:0,14022019756,
2_f3_b,with_ethanol,sample,3,b,first,C16:1,8361692,
2_f3_b,with_ethanol,sample,3,b,first,C16:3,182711733,
2_f3_b,with_ethanol,sample,3,b,first,C17:0,3800841169,
2_f3_b,with_ethanol,sample,3,b,first,C18:2,65386512,
2_f3_b,with_ethanol,sample,3,b,first,C18:3,369763120,
2_f3_b,with_ethanol,sample,3,b,first,C19:0,8814777569,
3_f1_a,acetone,sample,1,a,first,C14:0,17710174890,
3_f1_a,acetone,sample,1,a,first,C15:0,18778407188,
3_f1_a,acetone,sample,1,a,first,C16:0,15855307035,
3_f1_a,acetone,sample,1,a,first,C16:1,253929283,
3_f1_a,acetone,sample,1,a,first,C16:3,7296567911,
3_f1_a,acetone,sample,1,a,first,C17:0,333245749,
3_f1_a,acetone,sample,1,a,first,C18:2,586279337,
3_f1_a,acetone,sample,1,a,first,C18:3,10870038021,
3_f1_a,acetone,sample,1,a,first,C19:0,152667600,
3_f1_a,acetone,sample,1,a,first,DHC,4008246188,
3_f1_a,acetone,sample,1,a,first,Ergosterol,3263756814,
3_f1_b,acetone,sample,1,b,first,C14:0,15377801207,
3_f1_b,acetone,sample,1,b,first,C15:0,16239937113,
3_f1_b,acetone,sample,1,b,first,C16:0,13515241984,
3_f1_b,acetone,sample,1,b,first,C16:1,215188725,
3_f1_b,acetone,sample,1,b,first,C16:3,6096121764,
3_f1_b,acetone,sample,1,b,first,C17:0,280285724,
3_f1_b,acetone,sample,1,b,first,C18:2,501832613,
3_f1_b,acetone,sample,1,b,first,C18:3,9173409443,
3_f1_b,acetone,sample,1,b,first,C19:0,133163789,
3_f1_b,acetone,sample,1,b,first,DHC,3583566057,
3_f1_b,acetone,sample,1,b,first,Ergosterol,2846060431,
3_f1_c,acetone,sample,1,c,first,C14:0,15472139484,
3_f1_c,acetone,sample,1,c,first,C15:0,16346900455,
3_f1_c,acetone,sample,1,c,first,C16:0,11162475103,
3_f1_c,acetone,sample,1,c,first,C16:1,213405060,
3_f1_c,acetone,sample,1,c,first,C16:3,6165058629,
3_f1_c,acetone,sample,1,c,first,C17:0,246558479,
3_f1_c,acetone,sample,1,c,first,C18:2,495121493,
3_f1_c,acetone,sample,1,c,first,C18:3,9303524572,
3_f1_c,acetone,sample,1,c,first,C19:0,128163976,
3_f1_c,acetone,sample,1,c,first,DHC,3712536532,
3_f1_c,acetone,sample,1,c,first,Ergosterol,3031956436,
3_f2_a,acetone,sample,2,a,first,C14:0,90409854,
3_f2_a,acetone,sample,2,a,first,C15:0,91967450,
3_f2_a,acetone,sample,2,a,first,C16:0,462643418,
3_f2_a,acetone,sample,2,a,first,C16:1,5940530,
3_f2_a,acetone,sample,2,a,first,C16:3,201250926,
3_f2_a,acetone,sample,2,a,first,C17:0,12964689,
3_f2_a,acetone,sample,2,a,first,C18:2,89964735,
3_f2_a,acetone,sample,2,a,first,C18:3,305119889,
3_f2_a,acetone,sample,2,a,first,C19:0,36626721,
3_f2_b,acetone,sample,2,b,first,C14:0,79917474,
3_f2_b,acetone,sample,2,b,first,C15:0,89295672,
3_f2_b,acetone,sample,2,b,first,C16:0,304150682,
3_f2_b,acetone,sample,2,b,first,C16:3,165749309,
3_f2_b,acetone,sample,2,b,first,C17:0,8023141,
3_f2_b,acetone,sample,2,b,first,C18:2,84753233,
3_f2_b,acetone,sample,2,b,first,C18:3,257424361,
3_f2_b,acetone,sample,2,b,first,C19:0,34353947,
3_f2_c,acetone,sample,2,c,first,C14:0,107190772,
3_f2_c,acetone,sample,2,c,first,C15:0,115642592,
3_f2_c,acetone,sample,2,c,first,C16:0,321228291,
3_f2_c,acetone,sample,2,c,first,C16:3,162236225,
3_f2_c,acetone,sample,2,c,first,C17:0,8226657,
3_f2_c,acetone,sample,2,c,first,C18:2,77247846,
3_f2_c,acetone,sample,2,c,first,C18:3,260329150,
3_f3_a,acetone,sample,3,a,first,C14:0,33354854,
3_f3_a,acetone,sample,3,a,first,C15:0,63685947,
3_f3_a,acetone,sample,3,a,first,C16:0,16243734754,
3_f3_a,acetone,sample,3,a,first,C16:3,94797948,
3_f3_a,acetone,sample,3,a,first,C17:0,4450652791,
3_f3_a,acetone,sample,3,a,first,C18:2,68163515,
3_f3_a,acetone,sample,3,a,first,C18:3,231773830,
3_f3_a,acetone,sample,3,a,first,C19:0,10173629399,
3_f3_b,acetone,sample,3,b,first,C14:0,27205975,
3_f3_b,acetone,sample,3,b,first,C15:0,58877893,
3_f3_b,acetone,sample,3,b,first,C16:0,13356837520,
3_f3_b,acetone,sample,3,b,first,C16:3,80687640,
3_f3_b,acetone,sample,3,b,first,C17:0,3863804370,
3_f3_b,acetone,sample,3,b,first,C18:2,56233847,
3_f3_b,acetone,sample,3,b,first,C18:3,189525746,
3_f3_b,acetone,sample,3,b,first,C19:0,8122743911,
3_f3_c,acetone,sample,3,c,first,C14:0,22365467,
3_f3_c,acetone,sample,3,c,first,C15:0,47079092,
3_f3_c,acetone,sample,3,c,first,C16:0,11861635388,
3_f3_c,acetone,sample,3,c,first,C16:3,68815578,
3_f3_c,acetone,sample,3,c,first,C17:0,3353933133,
3_f3_c,acetone,sample,3,c,first,C18:2,66602195,
3_f3_c,acetone,sample,3,c,first,C18:3,200549955,
3_f3_c,acetone,sample,3,c,first,C19:0,7229184436,
Blk_1_f1_a,old,blk,1,a,first,C14:0,4371576,
Blk_1_f1_a,old,blk,1,a,first,C15:0,20830246,
Blk_1_f1_a,old,blk,1,a,first,C16:0,1306377064,
Blk_1_f1_a,old,blk,1,a,first,C17:0,31901126,
Blk_1_f1_a,old,blk,1,a,first,C18:2,25131167,
Blk_1_f1_a,old,blk,1,a,first,C18:3,134624282,
Blk_1_f2_a,old,blk,2,a,first,C14:0,53047336,
Blk_1_f2_a,old,blk,2,a,first,C15:0,33890789,
Blk_1_f2_a,old,blk,2,a,first,C16:0,10608926523,
Blk_1_f2_a,old,blk,2,a,first,C17:0,173788312,
Blk_1_f2_a,old,blk,2,a,first,C18:2,72423884,
Blk_1_f2_a,old,blk,2,a,first,C18:3,250003617,
Blk_1_f2_a,old,blk,2,a,first,C19:0,68049193,
Blk_1_f3_a,old,blk,3,a,first,C16:0,140929051,
Blk_2_f1_a,with_ethanol,blk,1,a,first,C14:0,65485391,
Blk_2_f1_a,with_ethanol,blk,3,a,first,C15:0,37824814,
Blk_2_f1_a,with_ethanol,blk,1,a,first,C16:0,11191040995,
Blk_2_f1_a,with_ethanol,blk,1,a,first,C17:0,145268433,
Blk_2_f1_a,with_ethanol,blk,1,a,first,C18:2,55685630,
Blk_2_f1_a,with_ethanol,blk,1,a,first,C18:3,339719578,
Blk_2_f1_a,with_ethanol,blk,1,a,first,C19:0,167718264,
Blk_2_f1_b,with_ethanol,blk,1,b,first,C14:0,64533357,
Blk_2_f1_b,with_ethanol,blk,1,b,first,C15:0,38018207,
Blk_2_f1_b,with_ethanol,blk,1,b,first,C16:0,10859883047,
Blk_2_f1_b,with_ethanol,blk,1,b,first,C17:0,148282332,
Blk_2_f1_b,with_ethanol,blk,1,b,first,C18:2,51228455,
Blk_2_f1_b,with_ethanol,blk,1,b,first,C18:3,317248737,
Blk_2_f1_b,with_ethanol,blk,1,b,first,C19:0,156484445,
Blk_2_f2_a,with_ethanol,blk,2,a,first,C14:0,8325299,
Blk_2_f2_a,with_ethanol,blk,2,a,first,C15:0,9923459,
Blk_2_f2_a,with_ethanol,blk,2,a,first,C16:0,1603039255,
Blk_2_f2_a,with_ethanol,blk,2,a,first,C17:0,27055316,
Blk_2_f2_a,with_ethanol,blk,2,a,first,C18:2,49920207,
Blk_2_f2_a,with_ethanol,blk,2,a,first,C18:3,49743916,
Blk_2_f2_a,with_ethanol,blk,2,a,first,C19:0,41778529,
Blk_2_f2_b,with_ethanol,blk,2,b,first,C14:0,6948929,
Blk_2_f2_b,with_ethanol,blk,2,b,first,C15:0,6791464,
Blk_2_f2_b,with_ethanol,blk,2,b,first,C16:0,1525909404,
Blk_2_f2_b,with_ethanol,blk,2,b,first,C17:0,25173194,
Blk_2_f2_b,with_ethanol,blk,2,b,first,C18:3,43223284,
Blk_2_f2_b,with_ethanol,blk,2,b,first,C19:0,40546239,
Blk_2_f3_a,with_ethanol,blk,3,a,first,C16:0,101528687,
Blk_2_f3_b,with_ethanol,blk,3,b,first,C16:0,81298584,
Blk_3_f1_a,acetone,blk,1,a,first,C14:0,40114253,
Blk_3_f1_a,acetone,blk,1,a,first,C15:0,20538931,
Blk_3_f1_a,acetone,blk,1,a,first,C16:0,8725160197,
Blk_3_f1_a,acetone,blk,1,a,first,C17:0,173517942,
Blk_3_f1_a,acetone,blk,1,a,first,C18:2,91603650,
Blk_3_f1_a,acetone,blk,1,a,first,C18:3,200773923,
Blk_3_f1_a,acetone,blk,1,a,first,C19:0,106839755,
Blk_3_f1_b,acetone,blk,1,b,first,C14:0,65369810,
Blk_3_f1_b,acetone,blk,1,b,first,C15:0,32045032,
Blk_3_f1_b,acetone,blk,1,b,first,C16:0,8828631514,
Blk_3_f1_b,acetone,blk,1,b,first,C17:0,180035776,
Blk_3_f1_b,acetone,blk,1,b,first,C18:2,92455875,
Blk_3_f1_b,acetone,blk,1,b,first,C18:3,208250216,
Blk_3_f1_b,acetone,blk,1,b,first,C19:0,105026586,
Blk_3_f1_c,acetone,blk,1,c,first,C14:0,48752676,
Blk_3_f1_c,acetone,blk,1,c,first,C15:0,18935780,
Blk_3_f1_c,acetone,blk,1,c,first,C16:0,7975787009,
Blk_3_f1_c,acetone,blk,1,c,first,C17:0,163277850,
Blk_3_f1_c,acetone,blk,1,c,first,C18:2,97294467,
Blk_3_f1_c,acetone,blk,1,c,first,C18:3,184845527,
Blk_3_f1_c,acetone,blk,1,c,first,C19:0,93040382,
Blk_3_f2_a,acetone,blk,2,a,first,C16:0,334731269,
Blk_3_f2_a,acetone,blk,2,a,first,C17:0,6685826,
Blk_3_f2_a,acetone,blk,2,a,first,C18:2,48492907,
Blk_3_f2_a,acetone,blk,2,a,first,C19:0,23061673,
Blk_3_f2_b,acetone,blk,2,b,first,C16:0,350463422,
Blk_3_f2_b,acetone,blk,2,b,first,C17:0,9505872,
Blk_3_f2_c,acetone,blk,2,c,first,C16:0,215256876,
Blk_3_f2_c,acetone,blk,2,c,first,C17:0,7391525,
Blk_3_f2_c,acetone,blk,2,c,first,C18:2,60717565,
Blk_3_f3_a,acetone,blk,3,a,first,C16:0,118677832,
Blk_3_f3_b,acetone,blk,3,b,first,C16:0,134747328,
Blk_3_f3_c,acetone,blk,3,c,first,C16:0,107421989,
Mix_a,NA,std,NA,a,first,C14:0,19524769248,
Mix_a,NA,std,NA,a,first,C15:0,20349320100,
Mix_a,NA,std,NA,a,first,C16:0,22020881263,
Mix_a,NA,std,NA,a,first,C16:1,286611726,
Mix_a,NA,std,NA,a,first,C16:3,8468312970,
Mix_a,NA,std,NA,a,first,C17:0,6221452757,
Mix_a,NA,std,NA,a,first,C18:2,614607970,
Mix_a,NA,std,NA,a,first,C18:3,12640828641,
Mix_a,NA,std,NA,a,first,C19:0,12710279442,
Mix_a,NA,std,NA,a,first,DHC,3795483981,
Mix_a,NA,std,NA,a,first,Ergosterol,3221296980,
Mix_b,NA,std,NA,b,first,C14:0,16909631037,
Mix_b,NA,std,NA,b,first,C15:0,17706104342,
Mix_b,NA,std,NA,b,first,C16:0,19371086673,
Mix_b,NA,std,NA,b,first,C16:1,256578160,
Mix_b,NA,std,NA,b,first,C16:3,7164525645,
Mix_b,NA,std,NA,b,first,C17:0,5252216340,
Mix_b,NA,std,NA,b,first,C18:2,559510825,
Mix_b,NA,std,NA,b,first,C18:3,10785216683,
Mix_b,NA,std,NA,b,first,C19:0,11005426159,
Mix_b,NA,std,NA,b,first,DHC,3892704436,
Mix_b,NA,std,NA,b,first,Ergosterol,3324039778,
Mix_c,NA,std,NA,c,first,C14:0,17051055186,
Mix_c,NA,std,NA,c,first,C15:0,18051853168,
Mix_c,NA,std,NA,c,first,C16:0,19615294934,
Mix_c,NA,std,NA,c,first,C16:1,254422296,
Mix_c,NA,std,NA,c,first,C16:3,7241005991,
Mix_c,NA,std,NA,c,first,C17:0,5372401611,
Mix_c,NA,std,NA,c,first,C18:2,567399947,
Mix_c,NA,std,NA,c,first,C18:3,11096361623,
Mix_c,NA,std,NA,c,first,C19:0,11256176754,
Mix_c,NA,std,NA,c,first,DHC,3889327978,
Mix_c,NA,std,NA,c,first,Ergosterol,3305274554,
a_f1,with_ethanol,sample,1,a,second,C14:0,14483268849,
a_f1,with_ethanol,sample,1,a,second,C15:0,14968785078,
a_f1,with_ethanol,sample,1,a,second,C16:0,10080484565,
a_f1,with_ethanol,sample,1,a,second,C17:0,251059076,
a_f1,with_ethanol,sample,1,a,second,C18:2,45821751,
a_f1,with_ethanol,sample,1,a,second,C18:3,314802839,
a_f1,with_ethanol,sample,1,a,second,C19:0,109338877,
a_f1,with_ethanol,sample,1,a,second,DHC,2944316738,
a_f1,with_ethanol,sample,1,a,second,Ergosterol,2419286357,
a_f2,with_ethanol,sample,2,a,second,C14:0,241925892,
a_f2,with_ethanol,sample,2,a,second,C15:0,260130510,
a_f2,with_ethanol,sample,2,a,second,C16:0,3653329037,
a_f2,with_ethanol,sample,2,a,second,C16:1,173071641,
a_f2,with_ethanol,sample,2,a,second,C16:3,4858238143,
a_f2,with_ethanol,sample,2,a,second,C17:0,87512654,
a_f2,with_ethanol,sample,2,a,second,C18:2,407516310,
a_f2,with_ethanol,sample,2,a,second,C18:3,8297119098,
a_f2,with_ethanol,sample,2,a,second,C19:0,56316644,
a_f3,with_ethanol,sample,3,a,second,C14:0,13673330,
a_f3,with_ethanol,sample,3,a,second,C15:0,27910193,
a_f3,with_ethanol,sample,3,a,second,C16:0,13227586303,
a_f3,with_ethanol,sample,3,a,second,C16:3,138588624,
a_f3,with_ethanol,sample,3,a,second,C17:0,3913843477,
a_f3,with_ethanol,sample,3,a,second,C18:2,48968973,
a_f3,with_ethanol,sample,3,a,second,C18:3,316292350,
a_f3,with_ethanol,sample,3,a,second,C19:0,8465622429,
b_f1,with_ethanol,sample,1,b,second,C14:0,13800062749,
b_f1,with_ethanol,sample,1,b,second,C15:0,14214415262,
b_f1,with_ethanol,sample,1,b,second,C16:0,8971503671,
b_f1,with_ethanol,sample,1,b,second,C16:3,29688472,
b_f1,with_ethanol,sample,1,b,second,C17:0,228178107,
b_f1,with_ethanol,sample,1,b,second,C18:2,42004765,
b_f1,with_ethanol,sample,1,b,second,C18:3,309197555,
b_f1,with_ethanol,sample,1,b,second,C19:0,106824854,
b_f1,with_ethanol,sample,1,b,second,DHC,2621624066,
b_f1,with_ethanol,sample,1,b,second,Ergosterol,2169476966,
b_f2,with_ethanol,sample,2,b,second,C14:0,204733679,
b_f2,with_ethanol,sample,2,b,second,C15:0,213145520,
b_f2,with_ethanol,sample,2,b,second,C16:0,3416697508,
b_f2,with_ethanol,sample,2,b,second,C16:1,158829475,
b_f2,with_ethanol,sample,2,b,second,C16:3,4388596601,
b_f2,with_ethanol,sample,2,b,second,C17:0,79587133,
b_f2,with_ethanol,sample,2,b,second,C18:2,369926464,
b_f2,with_ethanol,sample,2,b,second,C18:3,7412199925,
b_f2,with_ethanol,sample,2,b,second,C19:0,64357970,
b_f3,with_ethanol,sample,3,b,second,C14:0,14352663,
b_f3,with_ethanol,sample,3,b,second,C15:0,30409588,
b_f3,with_ethanol,sample,3,b,second,C16:0,12194308259,
b_f3,with_ethanol,sample,3,b,second,C16:3,127209818,
b_f3,with_ethanol,sample,3,b,second,C17:0,3794060452,
b_f3,with_ethanol,sample,3,b,second,C18:2,45565723,
b_f3,with_ethanol,sample,3,b,second,C18:3,264477824,
b_f3,with_ethanol,sample,3,b,second,C19:0,7626058634,
bl_f1,with_ethanol,blk,1,blk,second,C14:0,49993443,
bl_f1,with_ethanol,blk,1,blk,second,C15:0,31364971,
bl_f1,with_ethanol,blk,1,blk,second,C16:0,7910014478,
bl_f1,with_ethanol,blk,1,blk,second,C17:0,107850033,
bl_f1,with_ethanol,blk,1,blk,second,C18:2,37878793,
bl_f1,with_ethanol,blk,1,blk,second,C18:3,269671387,
bl_f1,with_ethanol,blk,1,blk,second,C19:0,91857046,
bl_f2,with_ethanol,blk,2,blk,second,C14:0,6808558,
bl_f2,with_ethanol,blk,2,blk,second,C15:0,11653528,
bl_f2,with_ethanol,blk,2,blk,second,C16:0,2181690340,
bl_f2,with_ethanol,blk,2,blk,second,C17:0,58370160,
bl_f2,with_ethanol,blk,2,blk,second,C18:2,72851377,
bl_f3,with_ethanol,blk,3,blk,second,C16:0,328970962,
bl_f3,with_ethanol,blk,3,blk,second,C17:0,7534508,
bl_f3,with_ethanol,blk,3,blk,second,C18:2,39162765,
c_f1,with_ethanol,sample,1,c,second,C14:0,13112514301,
c_f1,with_ethanol,sample,1,c,second,C15:0,13682593655,
c_f1,with_ethanol,sample,1,c,second,C16:0,9379481658,
c_f1,with_ethanol,sample,1,c,second,C17:0,225722980,
c_f1,with_ethanol,sample,1,c,second,C18:2,37972748,
c_f1,with_ethanol,sample,1,c,second,C18:3,267004589,
c_f1,with_ethanol,sample,1,c,second,C19:0,95481174,
c_f1,with_ethanol,sample,1,c,second,DHC,2318937229,
c_f1,with_ethanol,sample,1,c,second,Ergosterol,1852961726,
c_f2,with_ethanol,sample,2,c,second,C14:0,184527617,
c_f2,with_ethanol,sample,2,c,second,C15:0,195286549,
c_f2,with_ethanol,sample,2,c,second,C16:0,3279901105,
c_f2,with_ethanol,sample,2,c,second,C16:1,149114439,
c_f2,with_ethanol,sample,2,c,second,C16:3,4059920928,
c_f2,with_ethanol,sample,2,c,second,C17:0,78132702,
c_f2,with_ethanol,sample,2,c,second,C18:2,353393364,
c_f2,with_ethanol,sample,2,c,second,C18:3,6866624830,
c_f2,with_ethanol,sample,2,c,second,C19:0,59301485,
c_f3,with_ethanol,sample,3,c,second,C14:0,15954613,
c_f3,with_ethanol,sample,3,c,second,C15:0,27859370,
c_f3,with_ethanol,sample,3,c,second,C16:0,11820719740,
c_f3,with_ethanol,sample,3,c,second,C16:3,105479522,
c_f3,with_ethanol,sample,3,c,second,C17:0,3455696206,
c_f3,with_ethanol,sample,3,c,second,C18:2,45552264,
c_f3,with_ethanol,sample,3,c,second,C18:3,272273619,
c_f3,with_ethanol,sample,3,c,second,C19:0,7254661620,
mix_a,NA,std,NA,a,second,C14:0,15657009208,
mix_a,NA,std,NA,a,second,C15:0,15886980786,
mix_a,NA,std,NA,a,second,C16:0,17175197896,
mix_a,NA,std,NA,a,second,C16:1,211181551,
mix_a,NA,std,NA,a,second,C16:3,6089203017,
mix_a,NA,std,NA,a,second,C17:0,4799413196,
mix_a,NA,std,NA,a,second,C18:2,461481200,
mix_a,NA,std,NA,a,second,C18:3,9182783586,
mix_a,NA,std,NA,a,second,C19:0,9512722190,
mix_a,NA,std,NA,a,second,DHC,2439378040,
mix_a,NA,std,NA,a,second,Ergosterol,1969366944,
mix_b,NA,std,NA,b,second,C14:0,14298359973,
mix_b,NA,std,NA,b,second,C15:0,14758208829,
mix_b,NA,std,NA,b,second,C16:0,15952800607,
mix_b,NA,std,NA,b,second,C16:1,190255083,
mix_b,NA,std,NA,b,second,C16:3,5514800258,
mix_b,NA,std,NA,b,second,C17:0,4326938316,
mix_b,NA,std,NA,b,second,C18:2,425241330,
mix_b,NA,std,NA,b,second,C18:3,8418741131,
mix_b,NA,std,NA,b,second,C19:0,8519409128,
mix_b,NA,std,NA,b,second,DHC,2283814409,
mix_b,NA,std,NA,b,second,Ergosterol,1800205198,
mix_c,NA,std,NA,c,second,C14:0,11851722544,
mix_c,NA,std,NA,c,second,C15:0,11927121734,
mix_c,NA,std,NA,c,second,C16:0,13344300944,
mix_c,NA,std,NA,c,second,C16:1,151026719,
mix_c,NA,std,NA,c,second,C16:3,4329734596,
mix_c,NA,std,NA,c,second,C17:0,3445472243,
mix_c,NA,std,NA,c,second,C18:2,342680574,
mix_c,NA,std,NA,c,second,C18:3,6650864311,
mix_c,NA,std,NA,c,second,C19:0,6902319820,
mix_c,NA,std,NA,c,second,DHC,1886512452,
mix_c,NA,std,NA,c,second,Ergosterol,1378047283,
